timestamp,sm_mhz,mem_mhz,power_w,temp_c,util_pct,throttle
2026/09/25 02:16:45.981, 210, 405, 29.79, 37, 43, 0x0000000000000001
2026/09/25 02:16:46.303, 240, 405, 29.98, 37, 41, 0x0000000000000001
2026/09/25 02:16:46.625, 2820, 11201, 44.80, 49, 98, 0x0000000000000001
2026/09/25 02:16:46.933, 2820, 11201, 44.80, 49, 98, 0x0000000000000001
2026/09/25 02:16:47.241, 2805, 11201, 138.14, 55, 98, 0x0000000000000000
2026/09/25 02:16:47.562, 2805, 11201, 232.05, 56, 98, 0x0000000000000000
2026/09/25 02:16:47.870, 2805, 11201, 232.05, 56, 98, 0x0000000000000000
2026/09/25 02:16:48.194, 2820, 11201, 228.43, 46, 39, 0x0000000000000000
2026/09/25 02:16:48.505, 2820, 11201, 201.96, 45, 99, 0x0000000000000000
2026/09/25 02:16:48.827, 2820, 11201, 201.96, 45, 99, 0x0000000000000000
2026/09/25 02:16:49.137, 2820, 11201, 133.29, 40, 7, 0x0000000000000000
2026/09/25 02:16:49.444, 2820, 11201, 133.29, 40, 7, 0x0000000000000000
2026/09/25 02:16:49.768, 2820, 11201, 88.87, 40, 7, 0x0000000000000000
2026/09/25 02:16:50.078, 2820, 11201, 66.41, 40, 65, 0x0000000000000000
2026/09/25 02:16:50.387, 2820, 11201, 66.41, 40, 65, 0x0000000000000000
2026/09/25 02:16:50.744, 2805, 11201, 122.26, 55, 98, 0x0000000000000000
2026/09/25 02:16:51.067, 2805, 11201, 201.68, 56, 99, 0x0000000000000000
2026/09/25 02:16:51.375, 2805, 11201, 201.68, 56, 99, 0x0000000000000000
2026/09/25 02:16:51.727, 2805, 11201, 240.49, 57, 98, 0x0000000000000000
2026/09/25 02:16:52.049, 2820, 11201, 211.30, 55, 93, 0x0000000000000000
2026/09/25 02:16:52.384, 2820, 11201, 211.30, 55, 93, 0x0000000000000000
2026/09/25 02:16:52.691, 2805, 11201, 210.23, 57, 98, 0x0000000000000000
2026/09/25 02:16:53.060, 2805, 11201, 238.62, 58, 98, 0x0000000000000000
2026/09/25 02:16:53.367, 2805, 11201, 238.62, 58, 98, 0x0000000000000000
2026/09/25 02:16:53.690, 2805, 11201, 240.19, 48, 98, 0x0000000000000000
2026/09/25 02:16:54.000, 2820, 11201, 170.42, 43, 99, 0x0000000000000000
2026/09/25 02:16:54.311, 2820, 11201, 170.42, 43, 99, 0x0000000000000000
2026/09/25 02:16:54.636, 2805, 11201, 131.28, 56, 98, 0x0000000000000000
2026/09/25 02:16:54.958, 2805, 11201, 131.28, 56, 98, 0x0000000000000000
2026/09/25 02:16:55.281, 2805, 11201, 187.85, 56, 98, 0x0000000000000000
2026/09/25 02:16:55.604, 2805, 11201, 240.68, 58, 98, 0x0000000000000000
2026/09/25 02:16:55.930, 2805, 11201, 240.68, 58, 98, 0x0000000000000000
2026/09/25 02:16:56.250, 2820, 11201, 221.49, 47, 95, 0x0000000000000000
2026/09/25 02:16:56.563, 2805, 11201, 175.45, 55, 96, 0x0000000000000000
2026/09/25 02:16:56.886, 2805, 11201, 175.45, 55, 96, 0x0000000000000000
2026/09/25 02:16:57.213, 2805, 11201, 186.29, 58, 97, 0x0000000000000000
2026/09/25 02:16:57.520, 2805, 11201, 239.12, 58, 98, 0x0000000000000000
2026/09/25 02:16:57.828, 2805, 11201, 239.12, 58, 98, 0x0000000000000000
2026/09/25 02:16:58.167, 2820, 11201, 230.08, 46, 28, 0x0000000000000000
2026/09/25 02:16:58.491, 2820, 11201, 230.08, 46, 28, 0x0000000000000000
2026/09/25 02:16:58.811, 2820, 11201, 165.79, 43, 14, 0x0000000000000000
2026/09/25 02:16:59.151, 2820, 11201, 99.91, 46, 37, 0x0000000000000000
2026/09/25 02:16:59.461, 2820, 11201, 99.91, 46, 37, 0x0000000000000000
2026/09/25 02:16:59.769, 2820, 11201, 156.66, 49, 95, 0x0000000000000000
2026/09/25 02:17:00.125, 2805, 11201, 233.26, 50, 96, 0x0000000000000000
2026/09/25 02:17:00.446, 2805, 11201, 233.26, 50, 96, 0x0000000000000000
2026/09/25 02:17:00.754, 2820, 11201, 198.52, 44, 34, 0x0000000000000000
2026/09/25 02:17:01.062, 2820, 11201, 120.22, 42, 8, 0x0000000000000000
2026/09/25 02:17:01.370, 2820, 11201, 120.22, 42, 8, 0x0000000000000000
2026/09/25 02:17:01.682, 2820, 11201, 72.84, 41, 7, 0x0000000000000000
2026/09/25 02:17:01.991, 2820, 11201, 72.84, 41, 7, 0x0000000000000000
2026/09/25 02:17:02.300, 2820, 11201, 67.17, 41, 8, 0x0000000000000000
2026/09/25 02:17:02.651, 975, 5001, 58.14, 40, 15, 0x0000000000000001
2026/09/25 02:17:02.971, 975, 5001, 58.14, 40, 15, 0x0000000000000001
2026/09/25 02:17:03.280, 870, 5001, 46.48, 40, 15, 0x0000000000000001
2026/09/25 02:17:03.590, 735, 5001, 41.05, 39, 17, 0x0000000000000001
2026/09/25 02:17:03.930, 735, 5001, 41.05, 39, 17, 0x0000000000000001
2026/09/25 02:17:04.251, 660, 810, 40.06, 39, 20, 0x0000000000000001
2026/09/25 02:17:04.573, 585, 810, 37.24, 39, 22, 0x0000000000000001
2026/09/25 02:17:04.895, 585, 810, 37.24, 39, 22, 0x0000000000000001
2026/09/25 02:17:05.203, 525, 810, 33.87, 39, 17, 0x0000000000000001
2026/09/25 02:17:05.511, 450, 810, 32.90, 39, 22, 0x0000000000000001
2026/09/25 02:17:05.832, 450, 810, 32.90, 39, 22, 0x0000000000000001
2026/09/25 02:17:06.144, 405, 810, 32.13, 39, 25, 0x0000000000000001
2026/09/25 02:17:06.454, 405, 810, 32.13, 39, 25, 0x0000000000000001
2026/09/25 02:17:06.765, 360, 405, 31.89, 39, 39, 0x0000000000000001
2026/09/25 02:17:07.087, 345, 405, 31.76, 38, 34, 0x0000000000000001
2026/09/25 02:17:07.395, 345, 405, 31.76, 38, 34, 0x0000000000000001
2026/09/25 02:17:07.721, 315, 405, 31.48, 38, 34, 0x0000000000000001
2026/09/25 02:17:08.043, 315, 405, 31.29, 38, 39, 0x0000000000000001
2026/09/25 02:17:08.351, 315, 405, 31.29, 38, 39, 0x0000000000000001
2026/09/25 02:17:08.656, 285, 405, 31.18, 38, 38, 0x0000000000000001
2026/09/25 02:17:08.979, 285, 405, 31.18, 38, 38, 0x0000000000000001
2026/09/25 02:17:09.288, 285, 405, 31.22, 38, 38, 0x0000000000000001
2026/09/25 02:17:09.598, 240, 405, 31.42, 38, 45, 0x0000000000000001
2026/09/25 02:17:09.906, 240, 405, 31.42, 38, 45, 0x0000000000000001
2026/09/25 02:17:10.243, 255, 405, 31.45, 38, 43, 0x0000000000000001
2026/09/25 02:17:10.552, 270, 405, 31.61, 38, 38, 0x0000000000000001
2026/09/25 02:17:10.875, 270, 405, 31.61, 38, 38, 0x0000000000000001
2026/09/25 02:17:11.195, 240, 405, 31.97, 38, 47, 0x0000000000000001
2026/09/25 02:17:11.518, 240, 405, 32.02, 38, 44, 0x0000000000000001
2026/09/25 02:17:11.826, 240, 405, 32.02, 38, 44, 0x0000000000000001
2026/09/25 02:17:12.136, 255, 405, 32.00, 38, 45, 0x0000000000000001
2026/09/25 02:17:12.442, 255, 405, 32.00, 38, 45, 0x0000000000000001
2026/09/25 02:17:12.750, 240, 405, 31.66, 38, 49, 0x0000000000000001
2026/09/25 02:17:13.054, 225, 405, 31.28, 38, 52, 0x0000000000000001
2026/09/25 02:17:13.376, 225, 405, 31.28, 38, 52, 0x0000000000000001
2026/09/25 02:17:13.701, 210, 405, 31.08, 38, 38, 0x0000000000000001
2026/09/25 02:17:14.024, 255, 405, 31.17, 38, 44, 0x0000000000000001
2026/09/25 02:17:14.332, 255, 405, 31.17, 38, 44, 0x0000000000000001
2026/09/25 02:17:14.652, 300, 405, 31.79, 38, 48, 0x0000000000000001
2026/09/25 02:17:14.961, 300, 405, 31.79, 38, 48, 0x0000000000000001
2026/09/25 02:17:15.272, 270, 405, 30.70, 38, 20, 0x0000000000000001
2026/09/25 02:17:15.594, 270, 405, 29.94, 38, 42, 0x0000000000000001
2026/09/25 02:17:15.916, 270, 405, 29.94, 38, 42, 0x0000000000000001
2026/09/25 02:17:16.226, 330, 405, 30.88, 38, 27, 0x0000000000000001
2026/09/25 02:17:16.563, 300, 405, 31.09, 38, 38, 0x0000000000000001
2026/09/25 02:17:16.884, 300, 405, 31.09, 38, 38, 0x0000000000000001
2026/09/25 02:17:17.194, 300, 405, 30.13, 38, 30, 0x0000000000000001
2026/09/25 02:17:17.515, 300, 405, 29.24, 38, 20, 0x0000000000000001
2026/09/25 02:17:17.836, 300, 405, 29.24, 38, 20, 0x0000000000000001
2026/09/25 02:17:18.144, 300, 405, 28.87, 38, 15, 0x0000000000000001
2026/09/25 02:17:18.450, 300, 405, 28.87, 38, 15, 0x0000000000000001
2026/09/25 02:17:18.772, 210, 405, 28.70, 38, 27, 0x0000000000000001
2026/09/25 02:17:19.081, 210, 405, 28.73, 37, 26, 0x0000000000000001
2026/09/25 02:17:19.387, 210, 405, 28.73, 37, 26, 0x0000000000000001
2026/09/25 02:17:19.696, 210, 405, 29.32, 37, 27, 0x0000000000000001
2026/09/25 02:17:20.015, 210, 405, 29.74, 37, 26, 0x0000000000000001
2026/09/25 02:17:20.322, 210, 405, 29.74, 37, 26, 0x0000000000000001
2026/09/25 02:17:20.630, 210, 405, 29.82, 37, 27, 0x0000000000000001
2026/09/25 02:17:20.939, 210, 405, 29.82, 37, 27, 0x0000000000000001
2026/09/25 02:17:21.247, 210, 405, 29.84, 37, 25, 0x0000000000000001
2026/09/25 02:17:21.555, 210, 405, 29.70, 37, 17, 0x0000000000000001
2026/09/25 02:17:21.863, 210, 405, 29.70, 37, 17, 0x0000000000000001
2026/09/25 02:17:22.171, 210, 405, 29.84, 37, 31, 0x0000000000000001
2026/09/25 02:17:22.493, 210, 405, 29.84, 37, 31, 0x0000000000000001
2026/09/25 02:17:22.813, 210, 405, 30.35, 37, 27, 0x0000000000000001
2026/09/25 02:17:23.118, 210, 405, 30.16, 37, 26, 0x0000000000000001
2026/09/25 02:17:23.427, 210, 405, 30.16, 37, 26, 0x0000000000000001
2026/09/25 02:17:23.764, 210, 405, 29.32, 37, 30, 0x0000000000000001
2026/09/25 02:17:24.072, 210, 405, 29.46, 37, 43, 0x0000000000000001
2026/09/25 02:17:24.378, 210, 405, 29.46, 37, 43, 0x0000000000000001
2026/09/25 02:17:24.684, 225, 405, 30.05, 37, 44, 0x0000000000000001
2026/09/25 02:17:24.993, 225, 405, 30.05, 37, 44, 0x0000000000000001
2026/09/25 02:17:25.316, 210, 405, 30.32, 37, 28, 0x0000000000000001
2026/09/25 02:17:25.623, 330, 405, 30.83, 37, 44, 0x0000000000000001
2026/09/25 02:17:25.944, 330, 405, 30.83, 37, 44, 0x0000000000000001
2026/09/25 02:17:26.265, 300, 405, 31.62, 37, 49, 0x0000000000000001
2026/09/25 02:17:26.586, 2565, 11201, 39.51, 38, 7, 0x0000000000000001
2026/09/25 02:17:26.907, 2565, 11201, 39.51, 38, 7, 0x0000000000000001
2026/09/25 02:17:27.214, 2565, 11201, 49.66, 38, 6, 0x0000000000000001
2026/09/25 02:17:27.536, 2565, 11201, 54.05, 38, 6, 0x0000000000000001
2026/09/25 02:17:27.854, 2565, 11201, 54.05, 38, 6, 0x0000000000000001
2026/09/25 02:17:28.162, 2565, 11201, 53.99, 38, 6, 0x0000000000000001
2026/09/25 02:17:28.471, 2565, 11201, 53.99, 38, 6, 0x0000000000000001
2026/09/25 02:17:28.794, 2565, 11201, 53.99, 38, 7, 0x0000000000000001
2026/09/25 02:17:29.102, 2565, 11201, 54.15, 38, 7, 0x0000000000000001
2026/09/25 02:17:29.427, 2565, 11201, 54.15, 38, 7, 0x0000000000000001
2026/09/25 02:17:29.747, 2565, 11201, 54.49, 38, 7, 0x0000000000000001
2026/09/25 02:17:30.056, 885, 5001, 53.82, 38, 7, 0x0000000000000001
2026/09/25 02:17:30.363, 885, 5001, 53.82, 38, 7, 0x0000000000000001
2026/09/25 02:17:30.687, 765, 5001, 47.35, 38, 13, 0x0000000000000001
2026/09/25 02:17:31.011, 675, 810, 39.88, 38, 17, 0x0000000000000001
2026/09/25 02:17:31.319, 675, 810, 39.88, 38, 17, 0x0000000000000001
2026/09/25 02:17:31.641, 585, 810, 36.32, 37, 18, 0x0000000000000001
2026/09/25 02:17:31.962, 585, 810, 36.32, 37, 18, 0x0000000000000001
2026/09/25 02:17:32.271, 525, 810, 33.11, 37, 28, 0x0000000000000001
2026/09/25 02:17:32.621, 450, 810, 32.25, 37, 32, 0x0000000000000001
2026/09/25 02:17:32.946, 450, 810, 32.25, 37, 32, 0x0000000000000001
2026/09/25 02:17:33.254, 420, 810, 31.45, 37, 24, 0x0000000000000001
2026/09/25 02:17:33.577, 360, 405, 31.00, 37, 26, 0x0000000000000001
2026/09/25 02:17:33.917, 360, 405, 31.00, 37, 26, 0x0000000000000001
2026/09/25 02:17:34.225, 330, 405, 29.92, 37, 25, 0x0000000000000001
2026/09/25 02:17:34.534, 285, 405, 29.35, 37, 31, 0x0000000000000001
2026/09/25 02:17:34.859, 285, 405, 29.35, 37, 31, 0x0000000000000001
2026/09/25 02:17:35.178, 255, 405, 29.37, 37, 29, 0x0000000000000001
2026/09/25 02:17:35.499, 225, 405, 29.47, 37, 25, 0x0000000000000001
2026/09/25 02:17:35.807, 225, 405, 29.47, 37, 25, 0x0000000000000001
2026/09/25 02:17:36.129, 210, 405, 29.29, 37, 24, 0x0000000000000001
2026/09/25 02:17:36.436, 210, 405, 29.29, 37, 24, 0x0000000000000001
2026/09/25 02:17:36.746, 210, 405, 28.78, 37, 23, 0x0000000000000001
2026/09/25 02:17:37.059, 210, 405, 28.45, 37, 25, 0x0000000000000001
2026/09/25 02:17:37.378, 210, 405, 28.45, 37, 25, 0x0000000000000001
2026/09/25 02:17:37.686, 210, 405, 28.33, 37, 24, 0x0000000000000001
2026/09/25 02:17:37.993, 210, 405, 28.33, 37, 24, 0x0000000000000001
2026/09/25 02:17:38.304, 210, 405, 28.49, 37, 23, 0x0000000000000001
2026/09/25 02:17:38.614, 210, 405, 28.72, 37, 29, 0x0000000000000001
2026/09/25 02:17:38.924, 210, 405, 28.72, 37, 29, 0x0000000000000001
2026/09/25 02:17:39.236, 210, 405, 28.39, 37, 22, 0x0000000000000001
2026/09/25 02:17:39.548, 210, 405, 27.85, 37, 22, 0x0000000000000001
2026/09/25 02:17:39.858, 210, 405, 27.85, 37, 22, 0x0000000000000001
2026/09/25 02:17:40.169, 210, 405, 27.85, 37, 24, 0x0000000000000001
2026/09/25 02:17:40.482, 210, 405, 27.85, 37, 24, 0x0000000000000001
2026/09/25 02:17:40.789, 210, 405, 28.00, 37, 24, 0x0000000000000001
2026/09/25 02:17:41.098, 210, 405, 28.36, 37, 36, 0x0000000000000001
2026/09/25 02:17:41.407, 210, 405, 28.36, 37, 36, 0x0000000000000001
2026/09/25 02:17:41.719, 210, 405, 28.35, 37, 24, 0x0000000000000001
2026/09/25 02:17:42.031, 210, 405, 28.52, 37, 34, 0x0000000000000001
2026/09/25 02:17:42.353, 210, 405, 28.52, 37, 34, 0x0000000000000001
2026/09/25 02:17:42.665, 210, 405, 28.74, 37, 34, 0x0000000000000001
2026/09/25 02:17:42.974, 210, 405, 28.74, 37, 34, 0x0000000000000001
2026/09/25 02:17:43.287, 210, 405, 28.50, 37, 35, 0x0000000000000001
2026/09/25 02:17:43.596, 210, 405, 28.29, 37, 25, 0x0000000000000001
2026/09/25 02:17:43.906, 210, 405, 28.29, 37, 25, 0x0000000000000001
2026/09/25 02:17:44.218, 210, 405, 28.04, 37, 22, 0x0000000000000001
2026/09/25 02:17:44.526, 210, 405, 28.36, 37, 34, 0x0000000000000001
2026/09/25 02:17:44.838, 210, 405, 28.36, 37, 34, 0x0000000000000001
2026/09/25 02:17:45.148, 210, 405, 28.86, 37, 37, 0x0000000000000001
2026/09/25 02:17:45.454, 210, 405, 28.86, 37, 37, 0x0000000000000001
2026/09/25 02:17:45.763, 210, 405, 28.83, 37, 36, 0x0000000000000001
2026/09/25 02:17:46.074, 210, 405, 28.28, 36, 25, 0x0000000000000001
2026/09/25 02:17:46.382, 210, 405, 28.28, 36, 25, 0x0000000000000001
2026/09/25 02:17:46.693, 210, 405, 28.02, 37, 41, 0x0000000000000001
2026/09/25 02:17:47.004, 210, 405, 27.76, 36, 25, 0x0000000000000001
2026/09/25 02:17:47.315, 210, 405, 27.76, 36, 25, 0x0000000000000001
2026/09/25 02:17:47.628, 2565, 11201, 33.33, 37, 4, 0x0000000000000001
2026/09/25 02:17:47.950, 2565, 11201, 33.33, 37, 4, 0x0000000000000001
2026/09/25 02:17:48.257, 2565, 11201, 44.42, 38, 2, 0x0000000000000001
2026/09/25 02:17:48.578, 2565, 11201, 51.81, 38, 4, 0x0000000000000001
2026/09/25 02:17:48.899, 2565, 11201, 51.81, 38, 4, 0x0000000000000001
2026/09/25 02:17:49.207, 2565, 11201, 52.08, 38, 4, 0x0000000000000001
2026/09/25 02:17:49.518, 2565, 11201, 52.26, 38, 5, 0x0000000000000001
2026/09/25 02:17:49.830, 2565, 11201, 52.26, 38, 5, 0x0000000000000001
2026/09/25 02:17:50.151, 2565, 11201, 52.10, 38, 5, 0x0000000000000001
2026/09/25 02:17:50.456, 2565, 11201, 52.10, 38, 5, 0x0000000000000001
2026/09/25 02:17:50.766, 2565, 11201, 51.79, 38, 4, 0x0000000000000001
2026/09/25 02:17:51.075, 735, 810, 50.77, 38, 7, 0x0000000000000001
2026/09/25 02:17:51.386, 735, 810, 50.77, 38, 7, 0x0000000000000001
2026/09/25 02:17:51.693, 630, 810, 41.92, 37, 10, 0x0000000000000001
2026/09/25 02:17:52.016, 555, 810, 31.06, 37, 10, 0x0000000000000001
2026/09/25 02:17:52.339, 555, 810, 31.06, 37, 10, 0x0000000000000001
2026/09/25 02:17:52.648, 435, 810, 29.68, 37, 14, 0x0000000000000001
2026/09/25 02:17:52.957, 435, 810, 29.68, 37, 14, 0x0000000000000001
2026/09/25 02:17:53.264, 375, 810, 28.75, 37, 14, 0x0000000000000001
2026/09/25 02:17:53.574, 300, 405, 28.02, 36, 18, 0x0000000000000001
2026/09/25 02:17:53.883, 300, 405, 28.02, 36, 18, 0x0000000000000001
2026/09/25 02:17:54.190, 270, 405, 27.64, 36, 18, 0x0000000000000001
2026/09/25 02:17:54.516, 225, 405, 27.48, 36, 15, 0x0000000000000001
2026/09/25 02:17:54.827, 225, 405, 27.48, 36, 15, 0x0000000000000001
2026/09/25 02:17:55.134, 210, 405, 27.36, 36, 26, 0x0000000000000001
2026/09/25 02:17:55.456, 210, 405, 27.36, 36, 26, 0x0000000000000001
2026/09/25 02:17:55.762, 210, 405, 27.46, 36, 26, 0x0000000000000001
2026/09/25 02:17:56.072, 210, 405, 27.55, 36, 27, 0x0000000000000001
2026/09/25 02:17:56.378, 210, 405, 27.55, 36, 27, 0x0000000000000001
2026/09/25 02:17:56.688, 210, 405, 27.69, 36, 41, 0x0000000000000001
2026/09/25 02:17:56.997, 210, 405, 27.69, 36, 41, 0x0000000000000001
2026/09/25 02:17:57.334, 210, 405, 27.94, 36, 23, 0x0000000000000001
2026/09/25 02:17:57.642, 2565, 11201, 30.97, 37, 7, 0x0000000000000001
2026/09/25 02:17:58.007, 2565, 11201, 42.03, 37, 6, 0x0000000000000001
2026/09/25 02:17:58.317, 2565, 11201, 42.03, 37, 6, 0x0000000000000001
2026/09/25 02:17:58.625, 2565, 11201, 52.43, 37, 4, 0x0000000000000001
2026/09/25 02:17:58.933, 2565, 11201, 52.43, 37, 4, 0x0000000000000001
2026/09/25 02:17:59.242, 2565, 11201, 52.74, 38, 7, 0x0000000000000001
2026/09/25 02:17:59.548, 2565, 11201, 52.74, 38, 7, 0x0000000000000001
2026/09/25 02:17:59.857, 2565, 11201, 52.74, 38, 7, 0x0000000000000001
2026/09/25 02:18:00.179, 2565, 11201, 53.04, 38, 7, 0x0000000000000001
2026/09/25 02:18:00.502, 2565, 11201, 53.29, 38, 6, 0x0000000000000001
2026/09/25 02:18:00.809, 2565, 11201, 53.29, 38, 6, 0x0000000000000001
2026/09/25 02:18:01.117, 855, 5001, 52.73, 38, 7, 0x0000000000000001
2026/09/25 02:18:01.426, 855, 5001, 52.73, 38, 7, 0x0000000000000001
2026/09/25 02:18:01.747, 735, 5001, 46.24, 37, 12, 0x0000000000000001
2026/09/25 02:18:02.054, 615, 810, 39.82, 37, 13, 0x0000000000000001
2026/09/25 02:18:02.364, 615, 810, 39.82, 37, 13, 0x0000000000000001
2026/09/25 02:18:02.685, 555, 810, 36.60, 37, 16, 0x0000000000000001
2026/09/25 02:18:03.011, 465, 810, 33.17, 36, 16, 0x0000000000000001
2026/09/25 02:18:03.332, 465, 810, 33.17, 36, 16, 0x0000000000000001
2026/09/25 02:18:03.640, 420, 810, 31.72, 36, 20, 0x0000000000000001
2026/09/25 02:18:03.951, 420, 810, 31.72, 36, 20, 0x0000000000000001
2026/09/25 02:18:04.271, 360, 405, 31.10, 36, 25, 0x0000000000000001
2026/09/25 02:18:04.592, 330, 405, 30.51, 36, 28, 0x0000000000000001
2026/09/25 02:18:04.902, 330, 405, 30.51, 36, 28, 0x0000000000000001
2026/09/25 02:18:05.223, 300, 405, 29.94, 36, 32, 0x0000000000000001
2026/09/25 02:18:05.531, 270, 405, 29.87, 36, 31, 0x0000000000000001
2026/09/25 02:18:05.868, 270, 405, 29.87, 36, 31, 0x0000000000000001
2026/09/25 02:18:06.175, 255, 405, 29.74, 36, 32, 0x0000000000000001
2026/09/25 02:18:06.498, 255, 405, 29.74, 36, 32, 0x0000000000000001
2026/09/25 02:18:06.821, 240, 405, 29.85, 36, 34, 0x0000000000000001
2026/09/25 02:18:07.129, 225, 405, 30.06, 36, 38, 0x0000000000000001
2026/09/25 02:18:07.439, 225, 405, 30.06, 36, 38, 0x0000000000000001
2026/09/25 02:18:07.762, 210, 405, 30.11, 36, 41, 0x0000000000000001
2026/09/25 02:18:08.070, 210, 405, 29.84, 36, 44, 0x0000000000000001
2026/09/25 02:18:08.401, 210, 405, 29.84, 36, 44, 0x0000000000000001
2026/09/25 02:18:08.725, 210, 405, 30.08, 36, 45, 0x0000000000000001
2026/09/25 02:18:09.066, 210, 405, 30.33, 36, 39, 0x0000000000000001
2026/09/25 02:18:09.373, 210, 405, 30.33, 36, 39, 0x0000000000000001
2026/09/25 02:18:09.699, 210, 405, 30.22, 36, 40, 0x0000000000000001
2026/09/25 02:18:10.019, 210, 405, 30.17, 36, 43, 0x0000000000000001
2026/09/25 02:18:10.328, 210, 405, 30.17, 36, 43, 0x0000000000000001
2026/09/25 02:18:10.650, 210, 405, 30.08, 36, 37, 0x0000000000000001
2026/09/25 02:18:10.956, 210, 405, 30.08, 36, 37, 0x0000000000000001
2026/09/25 02:18:11.266, 210, 405, 29.93, 36, 29, 0x0000000000000001
2026/09/25 02:18:11.574, 210, 405, 30.02, 36, 55, 0x0000000000000001
2026/09/25 02:18:11.898, 210, 405, 30.02, 36, 55, 0x0000000000000001
2026/09/25 02:18:12.219, 300, 405, 30.47, 36, 70, 0x0000000000000001
2026/09/25 02:18:12.543, 345, 405, 31.62, 36, 40, 0x0000000000000001
2026/09/25 02:18:12.866, 345, 405, 31.62, 36, 40, 0x0000000000000001
2026/09/25 02:18:13.176, 345, 405, 31.55, 36, 25, 0x0000000000000001
2026/09/25 02:18:13.487, 345, 405, 31.55, 36, 25, 0x0000000000000001
2026/09/25 02:18:13.798, 345, 405, 30.78, 36, 28, 0x0000000000000001
2026/09/25 02:18:14.122, 345, 405, 30.69, 36, 31, 0x0000000000000001
2026/09/25 02:18:14.430, 345, 405, 30.69, 36, 31, 0x0000000000000001
2026/09/25 02:18:14.756, 240, 405, 30.61, 36, 24, 0x0000000000000001
2026/09/25 02:18:15.078, 225, 405, 30.74, 36, 36, 0x0000000000000001
2026/09/25 02:18:15.402, 225, 405, 30.74, 36, 36, 0x0000000000000001
2026/09/25 02:18:15.713, 225, 405, 30.77, 36, 41, 0x0000000000000001
2026/09/25 02:18:16.023, 210, 405, 30.39, 36, 34, 0x0000000000000001
2026/09/25 02:18:16.332, 210, 405, 30.39, 36, 34, 0x0000000000000001
2026/09/25 02:18:16.643, 210, 405, 30.12, 36, 43, 0x0000000000000001
2026/09/25 02:18:16.952, 210, 405, 30.12, 36, 43, 0x0000000000000001
2026/09/25 02:18:17.263, 210, 405, 30.06, 36, 38, 0x0000000000000001
2026/09/25 02:18:17.573, 210, 405, 30.25, 36, 43, 0x0000000000000001
2026/09/25 02:18:17.883, 210, 405, 30.25, 36, 43, 0x0000000000000001
2026/09/25 02:18:18.208, 210, 405, 30.24, 36, 37, 0x0000000000000001
2026/09/25 02:18:18.518, 210, 405, 30.06, 36, 39, 0x0000000000000001
2026/09/25 02:18:18.830, 210, 405, 30.06, 36, 39, 0x0000000000000001
2026/09/25 02:18:19.172, 210, 405, 29.96, 36, 36, 0x0000000000000001
2026/09/25 02:18:19.485, 210, 405, 29.96, 36, 36, 0x0000000000000001
2026/09/25 02:18:19.809, 210, 405, 30.16, 36, 41, 0x0000000000000001
2026/09/25 02:18:20.120, 210, 405, 30.23, 36, 39, 0x0000000000000001
2026/09/25 02:18:20.435, 210, 405, 30.23, 36, 39, 0x0000000000000001
2026/09/25 02:18:20.744, 210, 405, 30.25, 36, 35, 0x0000000000000001
2026/09/25 02:18:21.065, 210, 405, 30.17, 36, 29, 0x0000000000000001
2026/09/25 02:18:21.378, 210, 405, 30.17, 36, 29, 0x0000000000000001
2026/09/25 02:18:21.702, 210, 405, 30.15, 36, 37, 0x0000000000000001
2026/09/25 02:18:22.015, 210, 405, 30.33, 36, 38, 0x0000000000000001
2026/09/25 02:18:22.338, 210, 405, 30.33, 36, 38, 0x0000000000000001
2026/09/25 02:18:22.660, 210, 405, 30.41, 36, 37, 0x0000000000000001
2026/09/25 02:18:22.970, 210, 405, 30.41, 36, 37, 0x0000000000000001
2026/09/25 02:18:23.281, 210, 405, 30.50, 36, 39, 0x0000000000000001
2026/09/25 02:18:23.589, 210, 405, 30.43, 36, 38, 0x0000000000000001
2026/09/25 02:18:23.911, 210, 405, 30.43, 36, 38, 0x0000000000000001
2026/09/25 02:18:24.222, 330, 405, 30.73, 36, 64, 0x0000000000000001
2026/09/25 02:18:24.545, 330, 405, 30.55, 36, 29, 0x0000000000000001
2026/09/25 02:18:24.855, 330, 405, 30.55, 36, 29, 0x0000000000000001
2026/09/25 02:18:25.166, 330, 405, 30.14, 36, 25, 0x0000000000000001
2026/09/25 02:18:25.474, 330, 405, 30.14, 36, 25, 0x0000000000000001
2026/09/25 02:18:25.784, 330, 405, 30.00, 36, 30, 0x0000000000000001
2026/09/25 02:18:26.094, 240, 405, 29.91, 36, 31, 0x0000000000000001
2026/09/25 02:18:26.405, 240, 405, 29.91, 36, 31, 0x0000000000000001
2026/09/25 02:18:26.713, 225, 405, 30.01, 36, 40, 0x0000000000000001
2026/09/25 02:18:27.025, 315, 405, 30.38, 36, 30, 0x0000000000000001
2026/09/25 02:18:27.350, 315, 405, 30.38, 36, 30, 0x0000000000000001
2026/09/25 02:18:27.658, 315, 405, 30.30, 36, 28, 0x0000000000000001
2026/09/25 02:18:27.968, 315, 405, 30.30, 36, 28, 0x0000000000000001
2026/09/25 02:18:28.290, 315, 405, 29.55, 36, 28, 0x0000000000000001
2026/09/25 02:18:28.600, 315, 405, 29.73, 36, 27, 0x0000000000000001
2026/09/25 02:18:28.911, 315, 405, 29.73, 36, 27, 0x0000000000000001
2026/09/25 02:18:29.221, 210, 405, 29.98, 36, 42, 0x0000000000000001
2026/09/25 02:18:29.530, 210, 405, 29.98, 36, 43, 0x0000000000000001
2026/09/25 02:18:29.851, 210, 405, 29.98, 36, 43, 0x0000000000000001
2026/09/25 02:18:30.162, 210, 405, 29.68, 36, 44, 0x0000000000000001
2026/09/25 02:18:30.471, 210, 405, 29.68, 36, 44, 0x0000000000000001
2026/09/25 02:18:30.780, 210, 405, 29.39, 36, 38, 0x0000000000000001
2026/09/25 02:18:31.100, 210, 405, 29.42, 36, 40, 0x0000000000000001
2026/09/25 02:18:31.413, 210, 405, 29.42, 36, 40, 0x0000000000000001
2026/09/25 02:18:31.723, 210, 405, 29.72, 36, 42, 0x0000000000000001
2026/09/25 02:18:32.031, 210, 405, 29.55, 36, 34, 0x0000000000000001
2026/09/25 02:18:32.342, 210, 405, 29.55, 36, 34, 0x0000000000000001
2026/09/25 02:18:32.653, 210, 405, 29.60, 36, 42, 0x0000000000000001
2026/09/25 02:18:32.963, 210, 405, 29.60, 36, 42, 0x0000000000000001
2026/09/25 02:18:33.275, 210, 405, 29.59, 36, 41, 0x0000000000000001
2026/09/25 02:18:33.584, 210, 405, 29.49, 36, 40, 0x0000000000000001
2026/09/25 02:18:33.892, 210, 405, 29.49, 36, 40, 0x0000000000000001
2026/09/25 02:18:34.201, 210, 405, 29.47, 36, 39, 0x0000000000000001
2026/09/25 02:18:34.510, 210, 405, 29.39, 36, 38, 0x0000000000000001
2026/09/25 02:18:34.818, 210, 405, 29.39, 36, 38, 0x0000000000000001
2026/09/25 02:18:35.144, 210, 405, 29.55, 36, 39, 0x0000000000000001
2026/09/25 02:18:35.454, 210, 405, 29.55, 36, 39, 0x0000000000000001
2026/09/25 02:18:35.763, 210, 405, 29.91, 36, 41, 0x0000000000000001
2026/09/25 02:18:36.073, 210, 405, 30.06, 36, 38, 0x0000000000000001
2026/09/25 02:18:36.382, 210, 405, 30.06, 36, 38, 0x0000000000000001
2026/09/25 02:18:36.691, 210, 405, 29.95, 36, 38, 0x0000000000000001
2026/09/25 02:18:36.999, 210, 405, 29.95, 36, 38, 0x0000000000000001
2026/09/25 02:18:37.310, 210, 405, 29.54, 36, 38, 0x0000000000000001
2026/09/25 02:18:37.618, 210, 405, 29.46, 36, 36, 0x0000000000000001
2026/09/25 02:18:37.958, 210, 405, 29.46, 36, 36, 0x0000000000000001
2026/09/25 02:18:38.267, 210, 405, 29.59, 36, 42, 0x0000000000000001
2026/09/25 02:18:38.588, 210, 405, 29.72, 36, 38, 0x0000000000000001
2026/09/25 02:18:38.896, 210, 405, 29.72, 36, 38, 0x0000000000000001
2026/09/25 02:18:39.204, 210, 405, 29.84, 36, 37, 0x0000000000000001
2026/09/25 02:18:39.514, 210, 405, 29.63, 36, 38, 0x0000000000000001
2026/09/25 02:18:39.836, 210, 405, 29.63, 36, 38, 0x0000000000000001
2026/09/25 02:18:40.157, 210, 405, 29.73, 36, 40, 0x0000000000000001
2026/09/25 02:18:40.495, 210, 405, 29.73, 36, 40, 0x0000000000000001
2026/09/25 02:18:40.818, 210, 405, 30.00, 36, 36, 0x0000000000000001
2026/09/25 02:18:41.128, 210, 405, 29.95, 36, 26, 0x0000000000000001
2026/09/25 02:18:41.500, 210, 405, 29.95, 36, 26, 0x0000000000000001
2026/09/25 02:18:41.828, 210, 405, 30.15, 36, 38, 0x0000000000000001
2026/09/25 02:18:42.150, 210, 405, 30.45, 36, 36, 0x0000000000000001
2026/09/25 02:18:42.473, 210, 405, 30.45, 36, 36, 0x0000000000000001
2026/09/25 02:18:42.795, 210, 405, 30.30, 36, 36, 0x0000000000000001
2026/09/25 02:18:43.117, 210, 405, 30.02, 36, 38, 0x0000000000000001
2026/09/25 02:18:43.438, 210, 405, 30.02, 36, 38, 0x0000000000000001
2026/09/25 02:18:43.747, 210, 405, 29.95, 36, 40, 0x0000000000000001
2026/09/25 02:18:44.086, 210, 405, 29.92, 36, 38, 0x0000000000000001
2026/09/25 02:18:44.409, 210, 405, 29.92, 36, 38, 0x0000000000000001
2026/09/25 02:18:44.732, 210, 405, 29.98, 35, 38, 0x0000000000000001
2026/09/25 02:18:45.057, 210, 405, 29.92, 36, 35, 0x0000000000000001
2026/09/25 02:18:45.367, 210, 405, 29.92, 36, 35, 0x0000000000000001
2026/09/25 02:18:45.691, 210, 405, 29.93, 35, 40, 0x0000000000000001
2026/09/25 02:18:46.001, 210, 405, 29.93, 35, 40, 0x0000000000000001
2026/09/25 02:18:46.324, 210, 405, 30.01, 35, 35, 0x0000000000000001
2026/09/25 02:18:46.646, 210, 405, 30.11, 35, 49, 0x0000000000000001
2026/09/25 02:18:46.968, 210, 405, 30.11, 35, 49, 0x0000000000000001
2026/09/25 02:18:47.291, 270, 405, 30.44, 35, 29, 0x0000000000000001
2026/09/25 02:18:47.615, 270, 405, 30.46, 35, 24, 0x0000000000000001
2026/09/25 02:18:47.921, 270, 405, 30.46, 35, 24, 0x0000000000000001
2026/09/25 02:18:48.233, 270, 405, 29.79, 35, 32, 0x0000000000000001
2026/09/25 02:18:48.555, 270, 405, 29.52, 35, 34, 0x0000000000000001
2026/09/25 02:18:48.864, 270, 405, 29.52, 35, 34, 0x0000000000000001
2026/09/25 02:18:49.201, 210, 405, 29.68, 35, 39, 0x0000000000000001
2026/09/25 02:18:49.526, 210, 405, 29.82, 35, 42, 0x0000000000000001
2026/09/25 02:18:49.847, 210, 405, 29.82, 35, 42, 0x0000000000000001
2026/09/25 02:18:50.169, 210, 405, 29.91, 35, 38, 0x0000000000000001
2026/09/25 02:18:50.480, 210, 405, 29.91, 35, 38, 0x0000000000000001
2026/09/25 02:18:50.789, 210, 405, 29.82, 35, 36, 0x0000000000000001
2026/09/25 02:18:51.098, 210, 405, 29.63, 35, 30, 0x0000000000000001
2026/09/25 02:18:51.420, 210, 405, 29.63, 35, 30, 0x0000000000000001
2026/09/25 02:18:51.730, 210, 405, 29.79, 35, 33, 0x0000000000000001
2026/09/25 02:18:52.054, 210, 405, 30.03, 35, 34, 0x0000000000000001
2026/09/25 02:18:52.374, 210, 405, 30.03, 35, 34, 0x0000000000000001
2026/09/25 02:18:52.696, 210, 405, 29.93, 35, 34, 0x0000000000000001
2026/09/25 02:18:53.034, 210, 405, 29.71, 35, 37, 0x0000000000000001
2026/09/25 02:18:53.344, 210, 405, 29.71, 35, 37, 0x0000000000000001
2026/09/25 02:18:53.666, 210, 405, 29.68, 35, 38, 0x0000000000000001
2026/09/25 02:18:53.976, 210, 405, 29.68, 35, 38, 0x0000000000000001
2026/09/25 02:18:54.301, 210, 405, 29.71, 35, 36, 0x0000000000000001
2026/09/25 02:18:54.609, 210, 405, 29.61, 35, 39, 0x0000000000000001
2026/09/25 02:18:54.933, 210, 405, 29.61, 35, 39, 0x0000000000000001
2026/09/25 02:18:55.255, 210, 405, 29.73, 35, 35, 0x0000000000000001
2026/09/25 02:18:55.563, 210, 405, 29.95, 35, 35, 0x0000000000000001
2026/09/25 02:18:55.885, 210, 405, 29.95, 35, 35, 0x0000000000000001
2026/09/25 02:18:56.194, 210, 405, 29.85, 35, 35, 0x0000000000000001
2026/09/25 02:18:56.515, 210, 405, 29.36, 35, 35, 0x0000000000000001
2026/09/25 02:18:56.837, 210, 405, 29.36, 35, 35, 0x0000000000000001
2026/09/25 02:18:57.147, 210, 405, 28.94, 35, 40, 0x0000000000000001
2026/09/25 02:18:57.471, 210, 405, 28.94, 35, 40, 0x0000000000000001
2026/09/25 02:18:57.793, 210, 405, 29.06, 35, 36, 0x0000000000000001
2026/09/25 02:18:58.104, 210, 405, 29.37, 35, 37, 0x0000000000000001
2026/09/25 02:18:58.416, 210, 405, 29.37, 35, 37, 0x0000000000000001
2026/09/25 02:18:58.739, 210, 405, 29.39, 35, 37, 0x0000000000000001
2026/09/25 02:18:59.091, 210, 405, 29.35, 35, 39, 0x0000000000000001
2026/09/25 02:18:59.401, 210, 405, 29.35, 35, 39, 0x0000000000000001
2026/09/25 02:18:59.711, 210, 405, 29.30, 35, 38, 0x0000000000000001
2026/09/25 02:19:00.022, 210, 405, 29.71, 35, 36, 0x0000000000000001
2026/09/25 02:19:00.343, 210, 405, 29.71, 35, 36, 0x0000000000000001
2026/09/25 02:19:00.652, 210, 405, 29.83, 35, 39, 0x0000000000000001
2026/09/25 02:19:00.975, 210, 405, 29.83, 35, 39, 0x0000000000000001
2026/09/25 02:19:01.285, 210, 405, 29.60, 35, 39, 0x0000000000000001
2026/09/25 02:19:01.598, 210, 405, 29.73, 35, 38, 0x0000000000000001
2026/09/25 02:19:01.907, 210, 405, 29.73, 35, 38, 0x0000000000000001
2026/09/25 02:19:02.232, 210, 405, 29.81, 35, 41, 0x0000000000000001
2026/09/25 02:19:02.539, 210, 405, 29.62, 35, 34, 0x0000000000000001
2026/09/25 02:19:02.848, 210, 405, 29.62, 35, 34, 0x0000000000000001
2026/09/25 02:19:03.171, 240, 405, 30.06, 35, 53, 0x0000000000000001
2026/09/25 02:19:03.493, 240, 405, 30.06, 35, 53, 0x0000000000000001
2026/09/25 02:19:03.830, 270, 405, 30.42, 35, 35, 0x0000000000000001
2026/09/25 02:19:04.155, 270, 405, 30.16, 35, 22, 0x0000000000000001
2026/09/25 02:19:04.476, 270, 405, 30.16, 35, 22, 0x0000000000000001
2026/09/25 02:19:04.798, 270, 405, 29.56, 35, 35, 0x0000000000000001
2026/09/25 02:19:05.109, 210, 405, 29.57, 35, 36, 0x0000000000000001
2026/09/25 02:19:05.420, 210, 405, 29.57, 35, 36, 0x0000000000000001
2026/09/25 02:19:05.743, 210, 405, 29.74, 35, 47, 0x0000000000000001
2026/09/25 02:19:06.054, 210, 405, 29.49, 35, 33, 0x0000000000000001
2026/09/25 02:19:06.363, 210, 405, 29.49, 35, 33, 0x0000000000000001
2026/09/25 02:19:06.687, 210, 405, 29.60, 35, 40, 0x0000000000000001
2026/09/25 02:19:06.994, 210, 405, 29.60, 35, 40, 0x0000000000000001
2026/09/25 02:19:07.315, 210, 405, 29.87, 35, 35, 0x0000000000000001
2026/09/25 02:19:07.635, 210, 405, 29.90, 35, 33, 0x0000000000000001
2026/09/25 02:19:07.952, 210, 405, 29.90, 35, 33, 0x0000000000000001
2026/09/25 02:19:08.261, 210, 405, 30.13, 35, 39, 0x0000000000000001
2026/09/25 02:19:08.571, 210, 405, 30.57, 35, 38, 0x0000000000000001
2026/09/25 02:19:08.893, 210, 405, 30.57, 35, 38, 0x0000000000000001
2026/09/25 02:19:09.201, 210, 405, 30.79, 35, 36, 0x0000000000000001
2026/09/25 02:19:09.524, 210, 405, 30.65, 35, 39, 0x0000000000000001
2026/09/25 02:19:09.835, 210, 405, 30.65, 35, 39, 0x0000000000000001
2026/09/25 02:19:10.144, 210, 405, 30.59, 35, 39, 0x0000000000000001
2026/09/25 02:19:10.453, 210, 405, 30.59, 35, 39, 0x0000000000000001
2026/09/25 02:19:10.775, 210, 405, 30.26, 35, 37, 0x0000000000000001
2026/09/25 02:19:11.086, 210, 405, 30.14, 35, 38, 0x0000000000000001
2026/09/25 02:19:11.393, 210, 405, 30.14, 35, 38, 0x0000000000000001
2026/09/25 02:19:11.701, 210, 405, 30.24, 35, 38, 0x0000000000000001
2026/09/25 02:19:12.011, 210, 405, 30.19, 35, 40, 0x0000000000000001
2026/09/25 02:19:12.350, 210, 405, 30.19, 35, 40, 0x0000000000000001
2026/09/25 02:19:12.660, 210, 405, 29.92, 35, 36, 0x0000000000000001
2026/09/25 02:19:12.970, 210, 405, 29.92, 35, 36, 0x0000000000000001
2026/09/25 02:19:13.277, 210, 405, 29.90, 35, 41, 0x0000000000000001
2026/09/25 02:19:13.599, 210, 405, 29.99, 35, 36, 0x0000000000000001
2026/09/25 02:19:13.920, 210, 405, 29.99, 35, 36, 0x0000000000000001
2026/09/25 02:19:14.243, 210, 405, 30.04, 35, 27, 0x0000000000000001
2026/09/25 02:19:14.582, 210, 405, 30.03, 35, 37, 0x0000000000000001
2026/09/25 02:19:14.890, 210, 405, 30.03, 35, 37, 0x0000000000000001
2026/09/25 02:19:15.212, 210, 405, 30.06, 35, 34, 0x0000000000000001
2026/09/25 02:19:15.532, 210, 405, 30.14, 35, 37, 0x0000000000000001
2026/09/25 02:19:15.854, 210, 405, 30.14, 35, 37, 0x0000000000000001
2026/09/25 02:19:16.225, 210, 405, 30.17, 35, 39, 0x0000000000000001
2026/09/25 02:19:16.550, 210, 405, 30.40, 35, 39, 0x0000000000000001
2026/09/25 02:19:16.887, 210, 405, 30.40, 35, 39, 0x0000000000000001
2026/09/25 02:19:17.290, 210, 405, 30.54, 35, 32, 0x0000000000000001
2026/09/25 02:19:17.599, 210, 405, 30.36, 35, 32, 0x0000000000000001
2026/09/25 02:19:17.928, 210, 405, 30.36, 35, 32, 0x0000000000000001
2026/09/25 02:19:18.254, 210, 405, 30.15, 35, 36, 0x0000000000000001
2026/09/25 02:19:18.572, 210, 405, 29.90, 35, 41, 0x0000000000000001
2026/09/25 02:19:18.891, 210, 405, 29.90, 35, 41, 0x0000000000000001
2026/09/25 02:19:19.228, 210, 405, 30.05, 35, 35, 0x0000000000000001
2026/09/25 02:19:19.597, 210, 405, 30.10, 35, 42, 0x0000000000000001
2026/09/25 02:19:19.970, 210, 405, 30.10, 35, 42, 0x0000000000000001
2026/09/25 02:19:20.294, 210, 405, 29.83, 35, 35, 0x0000000000000001
2026/09/25 02:19:20.620, 210, 405, 29.68, 35, 41, 0x0000000000000001
2026/09/25 02:19:20.927, 210, 405, 29.68, 35, 41, 0x0000000000000001
2026/09/25 02:19:21.235, 210, 405, 29.83, 35, 40, 0x0000000000000001
2026/09/25 02:19:21.545, 210, 405, 29.68, 35, 38, 0x0000000000000001
2026/09/25 02:19:21.870, 210, 405, 29.68, 35, 38, 0x0000000000000001
2026/09/25 02:19:22.177, 210, 405, 29.81, 35, 37, 0x0000000000000001
2026/09/25 02:19:22.484, 210, 405, 29.81, 35, 37, 0x0000000000000001
2026/09/25 02:19:22.792, 210, 405, 29.76, 35, 38, 0x0000000000000001
2026/09/25 02:19:23.101, 210, 405, 29.83, 35, 38, 0x0000000000000001
2026/09/25 02:19:23.420, 210, 405, 29.83, 35, 38, 0x0000000000000001
2026/09/25 02:19:23.741, 210, 405, 30.09, 35, 38, 0x0000000000000001
2026/09/25 02:19:24.061, 210, 405, 30.08, 35, 39, 0x0000000000000001
2026/09/25 02:19:24.372, 210, 405, 30.08, 35, 39, 0x0000000000000001
2026/09/25 02:19:24.707, 210, 405, 30.05, 35, 36, 0x0000000000000001
2026/09/25 02:19:25.030, 210, 405, 29.95, 35, 39, 0x0000000000000001
2026/09/25 02:19:25.352, 210, 405, 29.95, 35, 39, 0x0000000000000001
2026/09/25 02:19:25.674, 210, 405, 29.84, 35, 41, 0x0000000000000001
2026/09/25 02:19:25.985, 210, 405, 29.84, 35, 41, 0x0000000000000001
2026/09/25 02:19:26.296, 210, 405, 30.01, 35, 35, 0x0000000000000001
2026/09/25 02:19:26.619, 210, 405, 30.35, 35, 49, 0x0000000000000001
2026/09/25 02:19:26.938, 210, 405, 30.35, 35, 49, 0x0000000000000001
2026/09/25 02:19:27.261, 210, 405, 30.28, 35, 37, 0x0000000000000001
2026/09/25 02:19:27.572, 210, 405, 30.14, 35, 37, 0x0000000000000001
2026/09/25 02:19:27.880, 210, 405, 30.14, 35, 37, 0x0000000000000001
2026/09/25 02:19:28.189, 210, 405, 30.19, 35, 40, 0x0000000000000001
2026/09/25 02:19:28.500, 210, 405, 30.19, 35, 40, 0x0000000000000001
2026/09/25 02:19:28.808, 210, 405, 30.23, 35, 38, 0x0000000000000001
2026/09/25 02:19:29.119, 210, 405, 29.89, 35, 39, 0x0000000000000001
2026/09/25 02:19:29.440, 210, 405, 29.89, 35, 39, 0x0000000000000001
2026/09/25 02:19:29.764, 210, 405, 29.73, 35, 36, 0x0000000000000001
2026/09/25 02:19:30.085, 210, 405, 29.91, 35, 41, 0x0000000000000001
2026/09/25 02:19:30.408, 210, 405, 29.91, 35, 41, 0x0000000000000001
2026/09/25 02:19:30.718, 210, 405, 30.02, 35, 43, 0x0000000000000001
2026/09/25 02:19:31.028, 210, 405, 30.14, 35, 38, 0x0000000000000001
2026/09/25 02:19:31.336, 210, 405, 30.14, 35, 38, 0x0000000000000001
2026/09/25 02:19:31.647, 210, 405, 30.25, 35, 36, 0x0000000000000001
2026/09/25 02:19:31.974, 210, 405, 30.25, 35, 36, 0x0000000000000001
2026/09/25 02:19:32.302, 210, 405, 30.34, 35, 42, 0x0000000000000001
2026/09/25 02:19:32.612, 210, 405, 30.34, 35, 36, 0x0000000000000001
2026/09/25 02:19:32.921, 210, 405, 30.34, 35, 36, 0x0000000000000001
2026/09/25 02:19:33.232, 210, 405, 30.18, 35, 40, 0x0000000000000001
2026/09/25 02:19:33.540, 210, 405, 30.04, 35, 37, 0x0000000000000001
2026/09/25 02:19:33.849, 210, 405, 30.04, 35, 37, 0x0000000000000001
2026/09/25 02:19:34.171, 210, 405, 30.38, 35, 39, 0x0000000000000001
2026/09/25 02:19:34.495, 210, 405, 30.38, 35, 39, 0x0000000000000001
2026/09/25 02:19:34.806, 210, 405, 30.48, 35, 38, 0x0000000000000001
2026/09/25 02:19:35.126, 210, 405, 30.36, 35, 35, 0x0000000000000001
2026/09/25 02:19:35.446, 210, 405, 30.36, 35, 35, 0x0000000000000001
2026/09/25 02:19:35.771, 210, 405, 30.13, 35, 41, 0x0000000000000001
2026/09/25 02:19:36.093, 210, 405, 30.15, 35, 35, 0x0000000000000001
2026/09/25 02:19:36.415, 210, 405, 30.15, 35, 35, 0x0000000000000001
2026/09/25 02:19:36.736, 285, 405, 30.78, 35, 50, 0x0000000000000001
2026/09/25 02:19:37.060, 285, 405, 30.76, 35, 33, 0x0000000000000001
2026/09/25 02:19:37.401, 285, 405, 30.76, 35, 33, 0x0000000000000001
2026/09/25 02:19:37.726, 285, 405, 30.39, 35, 31, 0x0000000000000001
2026/09/25 02:19:38.048, 270, 405, 30.10, 35, 34, 0x0000000000000001
2026/09/25 02:19:38.390, 270, 405, 30.10, 35, 34, 0x0000000000000001
2026/09/25 02:19:38.697, 270, 405, 29.35, 35, 15, 0x0000000000000001
2026/09/25 02:19:39.006, 270, 405, 29.35, 35, 15, 0x0000000000000001
2026/09/25 02:19:39.327, 270, 405, 28.90, 35, 18, 0x0000000000000001
2026/09/25 02:19:39.649, 270, 405, 29.09, 35, 22, 0x0000000000000001
2026/09/25 02:19:39.958, 270, 405, 29.09, 35, 22, 0x0000000000000001
2026/09/25 02:19:40.296, 210, 405, 28.88, 35, 22, 0x0000000000000001
2026/09/25 02:19:40.618, 210, 405, 28.63, 35, 26, 0x0000000000000001
2026/09/25 02:19:40.928, 210, 405, 28.63, 35, 26, 0x0000000000000001
2026/09/25 02:19:41.239, 210, 405, 28.64, 35, 27, 0x0000000000000001
2026/09/25 02:19:41.561, 210, 405, 29.04, 35, 24, 0x0000000000000001
2026/09/25 02:19:41.881, 210, 405, 29.04, 35, 24, 0x0000000000000001
2026/09/25 02:19:42.191, 210, 405, 29.11, 35, 24, 0x0000000000000001
2026/09/25 02:19:42.501, 210, 405, 29.11, 35, 24, 0x0000000000000001
2026/09/25 02:19:42.825, 210, 405, 29.09, 35, 27, 0x0000000000000001
2026/09/25 02:19:43.137, 210, 405, 29.21, 35, 25, 0x0000000000000001
2026/09/25 02:19:43.460, 210, 405, 29.21, 35, 25, 0x0000000000000001
2026/09/25 02:19:43.797, 210, 405, 29.21, 35, 26, 0x0000000000000001
2026/09/25 02:19:44.122, 210, 405, 29.07, 35, 26, 0x0000000000000001
2026/09/25 02:19:44.436, 210, 405, 29.07, 35, 26, 0x0000000000000001
2026/09/25 02:19:44.760, 210, 405, 28.85, 35, 27, 0x0000000000000001
2026/09/25 02:19:45.096, 210, 405, 28.95, 35, 30, 0x0000000000000001
2026/09/25 02:19:45.419, 210, 405, 28.95, 35, 30, 0x0000000000000001
2026/09/25 02:19:45.741, 210, 405, 28.72, 35, 27, 0x0000000000000001
2026/09/25 02:19:46.052, 210, 405, 28.18, 35, 29, 0x0000000000000001
2026/09/25 02:19:46.361, 210, 405, 28.18, 35, 29, 0x0000000000000001
2026/09/25 02:19:46.670, 210, 405, 28.51, 35, 28, 0x0000000000000001
2026/09/25 02:19:46.980, 210, 405, 28.51, 35, 28, 0x0000000000000001
2026/09/25 02:19:47.290, 210, 405, 29.00, 35, 28, 0x0000000000000001
2026/09/25 02:19:47.612, 210, 405, 29.06, 35, 27, 0x0000000000000001
2026/09/25 02:19:47.935, 210, 405, 29.06, 35, 27, 0x0000000000000001
2026/09/25 02:19:48.256, 210, 405, 28.81, 35, 27, 0x0000000000000001
2026/09/25 02:19:48.581, 210, 405, 27.10, 35, 25, 0x0000000000000001
2026/09/25 02:19:48.904, 210, 405, 27.10, 35, 25, 0x0000000000000001
2026/09/25 02:19:49.212, 210, 405, 26.65, 35, 24, 0x0000000000000001
2026/09/25 02:19:49.525, 210, 405, 27.35, 35, 48, 0x0000000000000001
2026/09/25 02:19:49.848, 210, 405, 27.35, 35, 48, 0x0000000000000001
2026/09/25 02:19:50.171, 210, 405, 27.68, 35, 35, 0x0000000000000001
2026/09/25 02:19:50.508, 210, 405, 27.68, 35, 35, 0x0000000000000001
2026/09/25 02:19:50.847, 225, 405, 28.45, 35, 58, 0x0000000000000001
2026/09/25 02:19:51.171, 495, 405, 29.67, 35, 69, 0x0000000000000001
2026/09/25 02:19:51.495, 495, 405, 29.67, 35, 69, 0x0000000000000001
2026/09/25 02:19:51.805, 495, 405, 30.09, 35, 14, 0x0000000000000001
2026/09/25 02:19:52.131, 495, 405, 29.16, 35, 14, 0x0000000000000001
2026/09/25 02:19:52.501, 495, 405, 29.16, 35, 14, 0x0000000000000001
2026/09/25 02:19:52.873, 450, 405, 29.53, 35, 37, 0x0000000000000001
2026/09/25 02:19:53.197, 450, 405, 29.99, 35, 32, 0x0000000000000001
2026/09/25 02:19:53.522, 450, 405, 29.43, 35, 37, 0x0000000000000001
2026/09/25 02:19:53.846, 450, 405, 29.43, 35, 37, 0x0000000000000001
2026/09/25 02:19:54.170, 360, 405, 29.27, 35, 31, 0x0000000000000001
2026/09/25 02:19:54.492, 360, 405, 29.27, 35, 31, 0x0000000000000001
2026/09/25 02:19:54.814, 315, 405, 29.60, 35, 40, 0x0000000000000001
2026/09/25 02:19:55.138, 330, 405, 29.42, 35, 28, 0x0000000000000001
2026/09/25 02:19:55.462, 330, 405, 29.42, 35, 28, 0x0000000000000001
2026/09/25 02:19:55.782, 300, 405, 29.23, 35, 37, 0x0000000000000001
2026/09/25 02:19:56.104, 285, 405, 29.15, 35, 42, 0x0000000000000001
2026/09/25 02:19:56.414, 285, 405, 29.15, 35, 42, 0x0000000000000001
2026/09/25 02:19:56.750, 315, 405, 29.25, 35, 36, 0x0000000000000001
2026/09/25 02:19:57.087, 315, 405, 28.54, 35, 34, 0x0000000000000001
2026/09/25 02:19:57.412, 315, 405, 28.54, 35, 34, 0x0000000000000001
2026/09/25 02:19:57.750, 435, 405, 28.89, 35, 45, 0x0000000000000001
2026/09/25 02:19:58.059, 375, 405, 29.04, 35, 24, 0x0000000000000001
2026/09/25 02:19:58.428, 375, 405, 29.04, 35, 24, 0x0000000000000001
2026/09/25 02:19:58.738, 2565, 11201, 30.41, 36, 47, 0x0000000000000001
2026/09/25 02:19:59.051, 2565, 11201, 42.03, 36, 12, 0x0000000000000001
2026/09/25 02:19:59.358, 2565, 11201, 42.03, 36, 12, 0x0000000000000001
2026/09/25 02:19:59.697, 2565, 11201, 53.40, 36, 12, 0x0000000000000001
2026/09/25 02:20:00.035, 2565, 11201, 54.30, 36, 14, 0x0000000000000001
2026/09/25 02:20:00.370, 2565, 11201, 54.30, 36, 14, 0x0000000000000001
2026/09/25 02:20:00.689, 2565, 11201, 54.59, 37, 12, 0x0000000000000001
2026/09/25 02:20:01.012, 2565, 11201, 54.75, 37, 10, 0x0000000000000001
2026/09/25 02:20:01.332, 2565, 11201, 54.75, 37, 10, 0x0000000000000001
2026/09/25 02:20:01.652, 2565, 11201, 54.61, 37, 11, 0x0000000000000001
2026/09/25 02:20:01.961, 2565, 11201, 54.61, 37, 11, 0x0000000000000001
2026/09/25 02:20:02.270, 1140, 5001, 54.44, 36, 10, 0x0000000000000001
2026/09/25 02:20:02.590, 1035, 5001, 48.36, 36, 19, 0x0000000000000001
2026/09/25 02:20:02.913, 1035, 5001, 48.36, 36, 19, 0x0000000000000001
2026/09/25 02:20:03.220, 900, 5001, 42.11, 36, 17, 0x0000000000000001
2026/09/25 02:20:03.530, 825, 810, 39.07, 36, 28, 0x0000000000000001
2026/09/25 02:20:03.839, 825, 810, 39.07, 36, 28, 0x0000000000000001
2026/09/25 02:20:04.176, 765, 810, 36.07, 36, 28, 0x0000000000000001
2026/09/25 02:20:04.486, 765, 810, 36.07, 36, 28, 0x0000000000000001
2026/09/25 02:20:04.807, 705, 810, 33.61, 36, 29, 0x0000000000000001
2026/09/25 02:20:05.129, 630, 810, 32.46, 36, 22, 0x0000000000000001
2026/09/25 02:20:05.467, 630, 810, 32.46, 36, 22, 0x0000000000000001
2026/09/25 02:20:05.787, 2565, 11201, 37.93, 36, 12, 0x0000000000000001
2026/09/25 02:20:06.095, 2565, 11201, 48.28, 37, 10, 0x0000000000000001
2026/09/25 02:20:06.403, 2565, 11201, 48.28, 37, 10, 0x0000000000000001
2026/09/25 02:20:06.727, 2565, 11201, 54.76, 37, 12, 0x0000000000000001
2026/09/25 02:20:07.048, 2565, 11201, 54.70, 37, 11, 0x0000000000000001
2026/09/25 02:20:07.372, 2565, 11201, 54.70, 37, 11, 0x0000000000000001
2026/09/25 02:20:07.694, 2565, 11201, 54.65, 37, 12, 0x0000000000000001
2026/09/25 02:20:08.050, 2565, 11201, 54.53, 37, 11, 0x0000000000000001
2026/09/25 02:20:08.361, 2565, 11201, 54.53, 37, 11, 0x0000000000000001
2026/09/25 02:20:08.684, 2565, 11201, 54.21, 37, 13, 0x0000000000000001
2026/09/25 02:20:08.995, 2565, 11201, 54.21, 37, 13, 0x0000000000000001
2026/09/25 02:20:09.366, 1140, 5001, 54.15, 37, 11, 0x0000000000000001
2026/09/25 02:20:09.690, 1035, 5001, 48.14, 36, 24, 0x0000000000000001
2026/09/25 02:20:10.045, 915, 810, 40.75, 36, 24, 0x0000000000000001
2026/09/25 02:20:10.383, 915, 810, 40.75, 36, 24, 0x0000000000000001
2026/09/25 02:20:10.708, 855, 810, 36.62, 36, 27, 0x0000000000000001
2026/09/25 02:20:11.015, 765, 810, 33.65, 36, 24, 0x0000000000000001
2026/09/25 02:20:11.337, 765, 810, 33.65, 36, 24, 0x0000000000000001
2026/09/25 02:20:11.646, 2565, 11201, 33.13, 36, 24, 0x0000000000000001
2026/09/25 02:20:11.959, 2565, 11201, 33.13, 36, 24, 0x0000000000000001
2026/09/25 02:20:12.271, 2565, 11201, 42.43, 37, 10, 0x0000000000000001
2026/09/25 02:20:12.582, 2565, 11201, 52.65, 37, 12, 0x0000000000000001
2026/09/25 02:20:12.891, 2565, 11201, 52.65, 37, 12, 0x0000000000000001
2026/09/25 02:20:13.200, 2565, 11201, 54.65, 37, 10, 0x0000000000000001
2026/09/25 02:20:13.523, 2565, 11201, 54.68, 37, 12, 0x0000000000000001
2026/09/25 02:20:13.832, 2565, 11201, 54.68, 37, 12, 0x0000000000000001
2026/09/25 02:20:14.157, 2565, 11201, 54.52, 37, 11, 0x0000000000000001
2026/09/25 02:20:14.480, 2565, 11201, 54.52, 37, 11, 0x0000000000000001
2026/09/25 02:20:14.805, 2565, 11201, 54.38, 37, 12, 0x0000000000000001
2026/09/25 02:20:15.114, 1140, 810, 54.12, 37, 11, 0x0000000000000001
2026/09/25 02:20:15.439, 1140, 810, 54.12, 37, 11, 0x0000000000000001
2026/09/25 02:20:15.766, 1050, 5001, 46.96, 36, 21, 0x0000000000000001
2026/09/25 02:20:16.086, 915, 5001, 40.57, 36, 19, 0x0000000000000001
2026/09/25 02:20:16.397, 915, 5001, 40.57, 36, 19, 0x0000000000000001
2026/09/25 02:20:16.719, 840, 5001, 40.08, 36, 21, 0x0000000000000001
2026/09/25 02:20:17.041, 750, 810, 39.83, 36, 21, 0x0000000000000001
2026/09/25 02:20:17.366, 750, 810, 39.83, 36, 21, 0x0000000000000001
2026/09/25 02:20:17.678, 705, 810, 37.14, 36, 29, 0x0000000000000001
2026/09/25 02:20:17.986, 705, 810, 37.14, 36, 29, 0x0000000000000001
2026/09/25 02:20:18.307, 645, 810, 33.14, 36, 25, 0x0000000000000001
2026/09/25 02:20:18.628, 600, 810, 31.93, 36, 31, 0x0000000000000001
2026/09/25 02:20:18.937, 600, 810, 31.93, 36, 31, 0x0000000000000001
2026/09/25 02:20:19.247, 540, 810, 31.61, 36, 22, 0x0000000000000001
2026/09/25 02:20:19.573, 495, 405, 31.56, 36, 32, 0x0000000000000001
2026/09/25 02:20:19.885, 495, 405, 31.56, 36, 32, 0x0000000000000001
2026/09/25 02:20:20.193, 2565, 11201, 31.81, 37, 40, 0x0000000000000001
2026/09/25 02:20:20.517, 2565, 11201, 42.31, 37, 12, 0x0000000000000001
2026/09/25 02:20:20.827, 2565, 11201, 42.31, 37, 12, 0x0000000000000001
2026/09/25 02:20:21.152, 2565, 11201, 52.51, 37, 10, 0x0000000000000001
2026/09/25 02:20:21.462, 2565, 11201, 52.51, 37, 10, 0x0000000000000001
2026/09/25 02:20:21.771, 2565, 11201, 53.77, 37, 7, 0x0000000000000001
2026/09/25 02:20:22.082, 2565, 11201, 53.73, 37, 9, 0x0000000000000001
2026/09/25 02:20:22.392, 2565, 11201, 53.73, 37, 9, 0x0000000000000001
2026/09/25 02:20:22.697, 2565, 11201, 53.86, 37, 8, 0x0000000000000001
2026/09/25 02:20:23.017, 1005, 810, 53.97, 37, 9, 0x0000000000000001
2026/09/25 02:20:23.340, 1005, 810, 53.97, 37, 9, 0x0000000000000001
2026/09/25 02:20:23.648, 915, 810, 45.24, 37, 20, 0x0000000000000001
2026/09/25 02:20:23.993, 915, 810, 45.24, 37, 20, 0x0000000000000001
2026/09/25 02:20:24.306, 780, 810, 35.55, 36, 19, 0x0000000000000001
2026/09/25 02:20:24.614, 705, 810, 32.74, 36, 20, 0x0000000000000001
2026/09/25 02:20:24.924, 705, 810, 32.74, 36, 20, 0x0000000000000001
2026/09/25 02:20:25.236, 600, 810, 32.29, 36, 24, 0x0000000000000001
2026/09/25 02:20:25.561, 2565, 11201, 33.17, 37, 23, 0x0000000000000001
2026/09/25 02:20:25.870, 2565, 11201, 33.17, 37, 23, 0x0000000000000001
2026/09/25 02:20:26.192, 2565, 11201, 42.92, 37, 8, 0x0000000000000001
2026/09/25 02:20:26.503, 2565, 11201, 42.92, 37, 8, 0x0000000000000001
2026/09/25 02:20:26.811, 2565, 11201, 52.53, 37, 8, 0x0000000000000001
2026/09/25 02:20:27.134, 2565, 11201, 53.37, 37, 8, 0x0000000000000001
2026/09/25 02:20:27.457, 2565, 11201, 53.37, 37, 8, 0x0000000000000001
2026/09/25 02:20:27.814, 2565, 11201, 53.38, 37, 7, 0x0000000000000001
2026/09/25 02:20:28.138, 2565, 11201, 53.32, 37, 5, 0x0000000000000001
2026/09/25 02:20:28.461, 2565, 11201, 53.32, 37, 5, 0x0000000000000001
2026/09/25 02:20:28.801, 2565, 11201, 53.06, 38, 9, 0x0000000000000001
2026/09/25 02:20:29.138, 1110, 5001, 53.18, 37, 12, 0x0000000000000001
2026/09/25 02:20:29.521, 1005, 5001, 47.58, 37, 18, 0x0000000000000001
2026/09/25 02:20:29.858, 1005, 5001, 47.58, 37, 18, 0x0000000000000001
2026/09/25 02:20:30.167, 885, 810, 39.26, 37, 23, 0x0000000000000001
2026/09/25 02:20:30.534, 795, 810, 34.22, 37, 21, 0x0000000000000001
2026/09/25 02:20:30.859, 795, 810, 34.22, 37, 21, 0x0000000000000001
2026/09/25 02:20:31.198, 675, 810, 31.68, 37, 19, 0x0000000000000001
2026/09/25 02:20:31.568, 585, 405, 30.15, 36, 21, 0x0000000000000001
2026/09/25 02:20:31.888, 585, 405, 30.15, 36, 21, 0x0000000000000001
2026/09/25 02:20:32.225, 510, 405, 29.08, 36, 37, 0x0000000000000001
2026/09/25 02:20:32.533, 480, 405, 28.30, 36, 28, 0x0000000000000001
2026/09/25 02:20:32.843, 480, 405, 28.30, 36, 28, 0x0000000000000001
2026/09/25 02:20:33.166, 420, 405, 27.93, 36, 25, 0x0000000000000001
2026/09/25 02:20:33.488, 420, 405, 27.93, 36, 25, 0x0000000000000001
2026/09/25 02:20:33.799, 375, 405, 27.18, 36, 30, 0x0000000000000001
2026/09/25 02:20:34.112, 330, 405, 27.17, 36, 34, 0x0000000000000001
2026/09/25 02:20:34.418, 330, 405, 27.17, 36, 34, 0x0000000000000001
2026/09/25 02:20:34.741, 285, 405, 27.83, 36, 47, 0x0000000000000001
2026/09/25 02:20:35.062, 285, 405, 27.65, 36, 32, 0x0000000000000001
2026/09/25 02:20:35.387, 285, 405, 27.65, 36, 32, 0x0000000000000001
2026/09/25 02:20:35.710, 285, 405, 27.79, 36, 38, 0x0000000000000001
2026/09/25 02:20:36.031, 285, 405, 27.44, 36, 33, 0x0000000000000001
2026/09/25 02:20:36.354, 285, 405, 27.44, 36, 33, 0x0000000000000001
2026/09/25 02:20:36.663, 285, 405, 27.04, 36, 34, 0x0000000000000001
2026/09/25 02:20:36.972, 285, 405, 27.04, 36, 34, 0x0000000000000001
2026/09/25 02:20:37.280, 210, 405, 27.24, 36, 35, 0x0000000000000001
2026/09/25 02:20:37.589, 210, 405, 27.53, 36, 43, 0x0000000000000001
2026/09/25 02:20:37.912, 210, 405, 27.53, 36, 43, 0x0000000000000001
2026/09/25 02:20:38.234, 210, 405, 27.77, 36, 39, 0x0000000000000001
2026/09/25 02:20:38.544, 240, 405, 28.11, 36, 42, 0x0000000000000001
2026/09/25 02:20:38.853, 240, 405, 28.11, 36, 42, 0x0000000000000001
2026/09/25 02:20:39.163, 210, 405, 27.82, 36, 44, 0x0000000000000001
2026/09/25 02:20:39.482, 210, 405, 27.82, 36, 44, 0x0000000000000001
2026/09/25 02:20:39.806, 210, 405, 27.33, 36, 50, 0x0000000000000001
2026/09/25 02:20:40.114, 210, 405, 27.57, 36, 40, 0x0000000000000001
2026/09/25 02:20:40.424, 210, 405, 27.57, 36, 40, 0x0000000000000001
2026/09/25 02:20:40.733, 210, 405, 27.77, 36, 43, 0x0000000000000001
2026/09/25 02:20:41.046, 210, 405, 27.72, 36, 39, 0x0000000000000001
2026/09/25 02:20:41.367, 210, 405, 27.72, 36, 39, 0x0000000000000001
2026/09/25 02:20:41.677, 255, 405, 27.86, 36, 34, 0x0000000000000001
2026/09/25 02:20:41.997, 255, 405, 27.86, 36, 34, 0x0000000000000001
2026/09/25 02:20:42.319, 255, 405, 27.33, 36, 33, 0x0000000000000001
2026/09/25 02:20:42.640, 255, 405, 27.19, 36, 40, 0x0000000000000001
2026/09/25 02:20:42.963, 255, 405, 27.19, 36, 40, 0x0000000000000001
2026/09/25 02:20:43.288, 255, 405, 27.60, 36, 37, 0x0000000000000001
2026/09/25 02:20:43.611, 210, 405, 27.58, 36, 47, 0x0000000000000001
2026/09/25 02:20:43.931, 210, 405, 27.58, 36, 47, 0x0000000000000001
2026/09/25 02:20:44.237, 210, 405, 27.59, 36, 41, 0x0000000000000001
2026/09/25 02:20:44.547, 255, 405, 27.89, 36, 39, 0x0000000000000001
2026/09/25 02:20:44.866, 255, 405, 27.89, 36, 39, 0x0000000000000001
2026/09/25 02:20:45.178, 255, 405, 27.20, 36, 33, 0x0000000000000001
2026/09/25 02:20:45.516, 255, 405, 26.47, 36, 39, 0x0000000000000001
2026/09/25 02:20:45.827, 255, 405, 26.47, 36, 39, 0x0000000000000001
2026/09/25 02:20:46.151, 300, 405, 27.16, 37, 42, 0x0000000000000001
2026/09/25 02:20:46.472, 300, 405, 27.16, 37, 42, 0x0000000000000001
2026/09/25 02:20:46.794, 300, 405, 27.11, 36, 34, 0x0000000000000001
2026/09/25 02:20:47.119, 300, 405, 26.55, 37, 33, 0x0000000000000001
2026/09/25 02:20:47.429, 300, 405, 26.55, 37, 33, 0x0000000000000001
2026/09/25 02:20:47.750, 240, 405, 27.17, 36, 41, 0x0000000000000001
2026/09/25 02:20:48.057, 210, 405, 27.50, 36, 34, 0x0000000000000001
2026/09/25 02:20:48.381, 210, 405, 27.50, 36, 34, 0x0000000000000001
2026/09/25 02:20:48.704, 270, 405, 27.82, 37, 46, 0x0000000000000001
2026/09/25 02:20:49.024, 240, 405, 28.25, 37, 45, 0x0000000000000001
2026/09/25 02:20:49.333, 240, 405, 28.25, 37, 45, 0x0000000000000001
2026/09/25 02:20:49.654, 255, 405, 28.30, 37, 45, 0x0000000000000001
2026/09/25 02:20:49.964, 255, 405, 28.30, 37, 45, 0x0000000000000001
2026/09/25 02:20:50.270, 255, 405, 28.17, 37, 42, 0x0000000000000001
2026/09/25 02:20:50.592, 240, 405, 27.91, 37, 43, 0x0000000000000001
2026/09/25 02:20:50.917, 240, 405, 27.91, 37, 43, 0x0000000000000001
2026/09/25 02:20:51.228, 225, 405, 27.55, 37, 47, 0x0000000000000001
2026/09/25 02:20:51.568, 240, 405, 27.39, 37, 48, 0x0000000000000001
2026/09/25 02:20:51.890, 240, 405, 27.39, 37, 48, 0x0000000000000001
2026/09/25 02:20:52.214, 270, 405, 27.69, 37, 44, 0x0000000000000001
2026/09/25 02:20:52.536, 255, 405, 27.93, 37, 47, 0x0000000000000001
2026/09/25 02:20:52.860, 255, 405, 27.93, 37, 47, 0x0000000000000001
2026/09/25 02:20:53.170, 255, 405, 27.85, 37, 43, 0x0000000000000001
2026/09/25 02:20:53.480, 255, 405, 27.85, 37, 43, 0x0000000000000001
2026/09/25 02:20:53.802, 255, 405, 27.73, 37, 41, 0x0000000000000001
2026/09/25 02:20:54.113, 210, 405, 27.29, 37, 46, 0x0000000000000001
2026/09/25 02:20:54.436, 210, 405, 27.29, 37, 46, 0x0000000000000001
2026/09/25 02:20:54.745, 240, 405, 27.10, 37, 41, 0x0000000000000001
2026/09/25 02:20:55.056, 255, 405, 27.60, 37, 48, 0x0000000000000001
2026/09/25 02:20:55.378, 255, 405, 27.60, 37, 48, 0x0000000000000001
2026/09/25 02:20:55.687, 270, 405, 27.98, 37, 42, 0x0000000000000001
2026/09/25 02:20:56.011, 270, 405, 27.98, 37, 42, 0x0000000000000001
2026/09/25 02:20:56.336, 255, 405, 28.17, 37, 45, 0x0000000000000001
2026/09/25 02:20:56.675, 240, 405, 27.89, 37, 43, 0x0000000000000001
2026/09/25 02:20:56.997, 240, 405, 27.89, 37, 43, 0x0000000000000001
2026/09/25 02:20:57.320, 240, 405, 27.43, 37, 33, 0x0000000000000001
2026/09/25 02:20:57.643, 240, 405, 27.22, 37, 39, 0x0000000000000001
2026/09/25 02:20:57.951, 240, 405, 27.22, 37, 39, 0x0000000000000001
2026/09/25 02:20:58.276, 240, 405, 27.10, 37, 33, 0x0000000000000001
2026/09/25 02:20:58.596, 225, 405, 27.74, 37, 43, 0x0000000000000001
2026/09/25 02:20:58.919, 225, 405, 27.74, 37, 43, 0x0000000000000001
2026/09/25 02:20:59.228, 225, 405, 27.69, 37, 39, 0x0000000000000001
2026/09/25 02:20:59.556, 210, 405, 27.10, 37, 43, 0x0000000000000001
2026/09/25 02:20:59.866, 210, 405, 27.10, 37, 43, 0x0000000000000001
2026/09/25 02:21:00.188, 210, 405, 26.63, 37, 45, 0x0000000000000001
2026/09/25 02:21:00.510, 210, 405, 26.63, 37, 45, 0x0000000000000001
2026/09/25 02:21:00.833, 225, 405, 26.97, 37, 51, 0x0000000000000001
2026/09/25 02:21:01.155, 270, 405, 27.00, 37, 37, 0x0000000000000001
2026/09/25 02:21:01.476, 270, 405, 27.00, 37, 37, 0x0000000000000001
2026/09/25 02:21:01.786, 270, 405, 26.91, 37, 36, 0x0000000000000001
2026/09/25 02:21:02.109, 270, 405, 26.93, 37, 34, 0x0000000000000001
2026/09/25 02:21:02.416, 270, 405, 26.93, 37, 34, 0x0000000000000001
2026/09/25 02:21:02.727, 210, 405, 27.19, 37, 39, 0x0000000000000001
2026/09/25 02:21:03.064, 210, 405, 27.10, 37, 41, 0x0000000000000001
2026/09/25 02:21:03.402, 210, 405, 27.10, 37, 41, 0x0000000000000001
2026/09/25 02:21:03.712, 285, 405, 27.53, 37, 35, 0x0000000000000001
2026/09/25 02:21:04.021, 285, 405, 27.61, 37, 33, 0x0000000000000001
2026/09/25 02:21:04.344, 285, 405, 27.61, 37, 33, 0x0000000000000001
2026/09/25 02:21:04.713, 285, 405, 27.18, 37, 35, 0x0000000000000001
2026/09/25 02:21:05.053, 225, 405, 27.34, 37, 33, 0x0000000000000001
2026/09/25 02:21:05.377, 225, 405, 27.34, 37, 33, 0x0000000000000001
2026/09/25 02:21:05.700, 2565, 11201, 29.52, 37, 33, 0x0000000000000001
2026/09/25 02:21:06.021, 2565, 11201, 40.47, 38, 5, 0x0000000000000001
2026/09/25 02:21:06.376, 2565, 11201, 40.47, 38, 5, 0x0000000000000001
2026/09/25 02:21:06.774, 2565, 11201, 51.40, 38, 4, 0x0000000000000001
2026/09/25 02:21:07.117, 2565, 11201, 51.60, 38, 4, 0x0000000000000001
2026/09/25 02:21:07.488, 2565, 11201, 51.60, 38, 4, 0x0000000000000001
2026/09/25 02:21:07.813, 2565, 11201, 51.90, 38, 4, 0x0000000000000001
2026/09/25 02:21:08.137, 2565, 11201, 51.98, 38, 2, 0x0000000000000001
2026/09/25 02:21:08.460, 2565, 11201, 51.98, 38, 2, 0x0000000000000001
2026/09/25 02:21:08.782, 2565, 11201, 51.86, 38, 4, 0x0000000000000001
2026/09/25 02:21:09.095, 750, 810, 50.49, 38, 4, 0x0000000000000001
2026/09/25 02:21:09.419, 750, 810, 50.49, 38, 4, 0x0000000000000001
2026/09/25 02:21:09.728, 660, 810, 41.71, 37, 11, 0x0000000000000001
2026/09/25 02:21:10.040, 555, 810, 32.58, 37, 11, 0x0000000000000001
2026/09/25 02:21:10.350, 555, 810, 32.58, 37, 11, 0x0000000000000001
2026/09/25 02:21:10.659, 480, 810, 31.50, 37, 12, 0x0000000000000001
2026/09/25 02:21:10.983, 480, 810, 31.50, 37, 12, 0x0000000000000001
2026/09/25 02:21:11.305, 390, 405, 30.60, 37, 14, 0x0000000000000001
2026/09/25 02:21:11.616, 345, 405, 29.06, 37, 17, 0x0000000000000001
2026/09/25 02:21:11.952, 345, 405, 29.06, 37, 17, 0x0000000000000001
2026/09/25 02:21:12.263, 285, 405, 28.03, 37, 17, 0x0000000000000001
2026/09/25 02:21:12.573, 255, 405, 28.23, 37, 22, 0x0000000000000001
2026/09/25 02:21:12.882, 255, 405, 28.23, 37, 22, 0x0000000000000001
2026/09/25 02:21:13.190, 225, 405, 28.19, 37, 24, 0x0000000000000001
2026/09/25 02:21:13.499, 225, 405, 28.19, 37, 24, 0x0000000000000001
2026/09/25 02:21:13.809, 210, 405, 27.85, 37, 27, 0x0000000000000001
2026/09/25 02:21:14.118, 210, 405, 27.64, 37, 26, 0x0000000000000001
2026/09/25 02:21:14.429, 210, 405, 27.64, 37, 26, 0x0000000000000001
2026/09/25 02:21:14.740, 210, 405, 27.32, 37, 16, 0x0000000000000001
2026/09/25 02:21:15.063, 210, 405, 27.60, 37, 23, 0x0000000000000001
2026/09/25 02:21:15.385, 210, 405, 27.60, 37, 23, 0x0000000000000001
2026/09/25 02:21:15.695, 210, 405, 28.21, 37, 28, 0x0000000000000001
2026/09/25 02:21:16.018, 210, 405, 28.21, 37, 28, 0x0000000000000001
2026/09/25 02:21:16.328, 210, 405, 28.29, 37, 26, 0x0000000000000001
2026/09/25 02:21:16.650, 210, 405, 28.21, 37, 27, 0x0000000000000001
2026/09/25 02:21:16.969, 210, 405, 28.21, 37, 27, 0x0000000000000001
2026/09/25 02:21:17.292, 210, 405, 28.18, 37, 26, 0x0000000000000001
2026/09/25 02:21:17.615, 210, 405, 27.95, 37, 24, 0x0000000000000001
2026/09/25 02:21:17.925, 210, 405, 27.95, 37, 24, 0x0000000000000001
2026/09/25 02:21:18.245, 2565, 11201, 31.33, 38, 4, 0x0000000000000001
2026/09/25 02:21:18.567, 2565, 11201, 42.04, 38, 5, 0x0000000000000001
2026/09/25 02:21:18.876, 2565, 11201, 42.04, 38, 5, 0x0000000000000001
2026/09/25 02:21:19.187, 2565, 11201, 51.62, 38, 5, 0x0000000000000001
2026/09/25 02:21:19.509, 2565, 11201, 51.62, 38, 5, 0x0000000000000001
2026/09/25 02:21:19.819, 2565, 11201, 51.83, 38, 4, 0x0000000000000001
2026/09/25 02:21:20.140, 2565, 11201, 52.00, 38, 4, 0x0000000000000001
2026/09/25 02:21:20.450, 2565, 11201, 52.00, 38, 4, 0x0000000000000001
2026/09/25 02:21:20.758, 2565, 11201, 51.80, 38, 4, 0x0000000000000001
2026/09/25 02:21:21.065, 735, 5001, 50.92, 38, 3, 0x0000000000000001
2026/09/25 02:21:21.391, 735, 5001, 50.92, 38, 3, 0x0000000000000001
2026/09/25 02:21:21.714, 645, 5001, 44.84, 38, 9, 0x0000000000000001
2026/09/25 02:21:22.024, 525, 810, 36.86, 37, 11, 0x0000000000000001
2026/09/25 02:21:22.343, 525, 810, 36.86, 37, 11, 0x0000000000000001
2026/09/25 02:21:22.665, 465, 810, 33.17, 37, 12, 0x0000000000000001
2026/09/25 02:21:22.985, 465, 810, 33.17, 37, 12, 0x0000000000000001
2026/09/25 02:21:23.293, 375, 810, 30.39, 37, 16, 0x0000000000000001
2026/09/25 02:21:23.615, 330, 810, 29.68, 37, 16, 0x0000000000000001
2026/09/25 02:21:23.922, 330, 810, 29.68, 37, 16, 0x0000000000000001
2026/09/25 02:21:24.246, 285, 405, 28.73, 37, 20, 0x0000000000000001
2026/09/25 02:21:24.554, 255, 405, 27.68, 37, 11, 0x0000000000000001
2026/09/25 02:21:24.877, 255, 405, 27.68, 37, 11, 0x0000000000000001
2026/09/25 02:21:25.198, 210, 405, 27.66, 37, 23, 0x0000000000000001
2026/09/25 02:21:25.517, 210, 405, 27.66, 37, 23, 0x0000000000000001
2026/09/25 02:21:25.826, 210, 405, 27.95, 37, 27, 0x0000000000000001
2026/09/25 02:21:26.135, 210, 405, 27.90, 37, 26, 0x0000000000000001
2026/09/25 02:21:26.459, 210, 405, 27.90, 37, 26, 0x0000000000000001
2026/09/25 02:21:26.767, 210, 405, 27.82, 37, 23, 0x0000000000000001
2026/09/25 02:21:27.090, 2565, 11201, 36.74, 38, 4, 0x0000000000000001
2026/09/25 02:21:27.413, 2565, 11201, 36.74, 38, 4, 0x0000000000000001
2026/09/25 02:21:27.723, 2565, 11201, 47.89, 38, 3, 0x0000000000000001
2026/09/25 02:21:28.044, 2565, 11201, 52.36, 38, 5, 0x0000000000000001
2026/09/25 02:21:28.366, 2565, 11201, 52.36, 38, 5, 0x0000000000000001
2026/09/25 02:21:28.722, 2565, 11201, 52.49, 38, 4, 0x0000000000000001
2026/09/25 02:21:29.044, 2565, 11201, 52.32, 38, 4, 0x0000000000000001
2026/09/25 02:21:29.353, 2565, 11201, 52.32, 38, 4, 0x0000000000000001
2026/09/25 02:21:29.674, 2565, 11201, 51.98, 38, 4, 0x0000000000000001
2026/09/25 02:21:29.995, 2565, 11201, 51.98, 38, 4, 0x0000000000000001
2026/09/25 02:21:30.319, 735, 810, 50.94, 38, 9, 0x0000000000000001
2026/09/25 02:21:30.630, 660, 810, 41.86, 38, 9, 0x0000000000000001
2026/09/25 02:21:30.939, 660, 810, 41.86, 38, 9, 0x0000000000000001
2026/09/25 02:21:31.245, 525, 810, 31.86, 38, 10, 0x0000000000000001
2026/09/25 02:21:31.554, 465, 810, 30.51, 37, 13, 0x0000000000000001
2026/09/25 02:21:31.877, 465, 810, 30.51, 37, 13, 0x0000000000000001
2026/09/25 02:21:32.198, 375, 810, 30.15, 37, 15, 0x0000000000000001
2026/09/25 02:21:32.505, 375, 810, 30.15, 37, 15, 0x0000000000000001
2026/09/25 02:21:32.813, 2565, 11201, 35.20, 38, 4, 0x0000000000000001
2026/09/25 02:21:33.123, 2565, 11201, 45.50, 38, 4, 0x0000000000000001
2026/09/25 02:21:33.432, 2565, 11201, 45.50, 38, 4, 0x0000000000000001
2026/09/25 02:21:33.741, 2565, 11201, 52.43, 39, 5, 0x0000000000000001
2026/09/25 02:21:34.050, 2565, 11201, 52.36, 39, 4, 0x0000000000000001
2026/09/25 02:21:34.359, 2565, 11201, 52.36, 39, 4, 0x0000000000000001
2026/09/25 02:21:34.670, 2565, 11201, 52.04, 39, 4, 0x0000000000000001
2026/09/25 02:21:34.978, 2565, 11201, 52.04, 39, 4, 0x0000000000000001
2026/09/25 02:21:35.300, 2565, 11201, 52.04, 39, 4, 0x0000000000000001
2026/09/25 02:21:35.621, 2565, 11201, 52.10, 39, 4, 0x0000000000000001
2026/09/25 02:21:35.929, 2565, 11201, 52.10, 39, 4, 0x0000000000000001
2026/09/25 02:21:36.253, 750, 810, 50.93, 39, 9, 0x0000000000000001
2026/09/25 02:21:36.576, 660, 810, 41.86, 38, 11, 0x0000000000000001
2026/09/25 02:21:36.885, 660, 810, 41.86, 38, 11, 0x0000000000000001
2026/09/25 02:21:37.210, 540, 810, 31.38, 38, 12, 0x0000000000000001
2026/09/25 02:21:37.548, 465, 810, 30.46, 38, 8, 0x0000000000000001
2026/09/25 02:21:37.871, 465, 810, 30.46, 38, 8, 0x0000000000000001
2026/09/25 02:21:38.183, 375, 810, 29.95, 38, 14, 0x0000000000000001
2026/09/25 02:21:38.505, 375, 810, 29.95, 38, 14, 0x0000000000000001
2026/09/25 02:21:38.827, 330, 810, 29.70, 38, 14, 0x0000000000000001
2026/09/25 02:21:39.148, 2565, 11201, 37.94, 38, 4, 0x0000000000000001
2026/09/25 02:21:39.469, 2565, 11201, 37.94, 38, 4, 0x0000000000000001
2026/09/25 02:21:39.790, 2565, 11201, 48.48, 39, 4, 0x0000000000000001
2026/09/25 02:21:40.112, 2565, 11201, 52.99, 39, 4, 0x0000000000000001
2026/09/25 02:21:40.434, 2565, 11201, 52.99, 39, 4, 0x0000000000000001
2026/09/25 02:21:40.757, 2565, 11201, 52.99, 39, 4, 0x0000000000000001
2026/09/25 02:21:41.065, 2565, 11201, 53.32, 39, 2, 0x0000000000000001
2026/09/25 02:21:41.388, 2565, 11201, 53.32, 39, 2, 0x0000000000000001
2026/09/25 02:21:41.696, 2565, 11201, 53.53, 39, 4, 0x0000000000000001
2026/09/25 02:21:42.006, 2565, 11201, 53.53, 39, 4, 0x0000000000000001
2026/09/25 02:21:42.331, 735, 5001, 52.37, 39, 8, 0x0000000000000001
2026/09/25 02:21:42.656, 660, 810, 43.44, 38, 11, 0x0000000000000001
2026/09/25 02:21:42.979, 660, 810, 43.44, 38, 11, 0x0000000000000001
2026/09/25 02:21:43.288, 540, 810, 34.05, 38, 12, 0x0000000000000001
2026/09/25 02:21:43.610, 465, 810, 31.34, 38, 13, 0x0000000000000001
2026/09/25 02:21:43.949, 465, 810, 31.34, 38, 13, 0x0000000000000001
2026/09/25 02:21:44.272, 390, 810, 30.19, 38, 16, 0x0000000000000001
2026/09/25 02:21:44.581, 345, 810, 29.83, 38, 16, 0x0000000000000001
2026/09/25 02:21:44.904, 345, 810, 29.83, 38, 16, 0x0000000000000001
2026/09/25 02:21:45.214, 2565, 11201, 38.22, 39, 4, 0x0000000000000001
2026/09/25 02:21:45.523, 2565, 11201, 48.77, 39, 4, 0x0000000000000001
2026/09/25 02:21:45.832, 2565, 11201, 48.77, 39, 4, 0x0000000000000001
2026/09/25 02:21:46.141, 2565, 11201, 52.92, 39, 4, 0x0000000000000001
2026/09/25 02:21:46.495, 2565, 11201, 52.92, 39, 4, 0x0000000000000001
2026/09/25 02:21:46.818, 2565, 11201, 53.20, 39, 4, 0x0000000000000001
2026/09/25 02:21:47.143, 2565, 11201, 53.08, 39, 9, 0x0000000000000001
2026/09/25 02:21:47.467, 2565, 11201, 53.08, 39, 9, 0x0000000000000001
2026/09/25 02:21:47.791, 2565, 11201, 52.48, 39, 2, 0x0000000000000001
2026/09/25 02:21:48.114, 900, 810, 51.27, 39, 7, 0x0000000000000001
2026/09/25 02:21:48.423, 900, 810, 51.27, 39, 7, 0x0000000000000001
2026/09/25 02:21:48.745, 780, 810, 42.45, 38, 9, 0x0000000000000001
2026/09/25 02:21:49.052, 630, 810, 31.45, 38, 11, 0x0000000000000001
2026/09/25 02:21:49.375, 630, 810, 31.45, 38, 11, 0x0000000000000001
2026/09/25 02:21:49.696, 540, 810, 30.17, 38, 12, 0x0000000000000001
2026/09/25 02:21:50.004, 540, 810, 30.17, 38, 12, 0x0000000000000001
2026/09/25 02:21:50.343, 435, 810, 29.74, 38, 13, 0x0000000000000001
2026/09/25 02:21:50.667, 375, 810, 29.39, 38, 13, 0x0000000000000001
2026/09/25 02:21:50.977, 375, 810, 29.39, 38, 13, 0x0000000000000001
2026/09/25 02:21:51.298, 300, 405, 28.31, 38, 15, 0x0000000000000001
2026/09/25 02:21:51.607, 270, 405, 27.22, 38, 20, 0x0000000000000001
2026/09/25 02:21:51.943, 270, 405, 27.22, 38, 20, 0x0000000000000001
2026/09/25 02:21:52.253, 225, 405, 27.24, 38, 26, 0x0000000000000001
2026/09/25 02:21:52.576, 210, 405, 27.35, 38, 29, 0x0000000000000001
2026/09/25 02:21:52.900, 210, 405, 27.35, 38, 29, 0x0000000000000001
2026/09/25 02:21:53.209, 210, 405, 27.47, 38, 26, 0x0000000000000001
2026/09/25 02:21:53.528, 210, 405, 27.41, 38, 22, 0x0000000000000001
2026/09/25 02:21:53.848, 210, 405, 27.41, 38, 22, 0x0000000000000001
2026/09/25 02:21:54.171, 210, 405, 27.23, 38, 21, 0x0000000000000001
2026/09/25 02:21:54.481, 210, 405, 27.23, 38, 21, 0x0000000000000001
2026/09/25 02:21:54.802, 210, 405, 27.10, 38, 25, 0x0000000000000001
2026/09/25 02:21:55.125, 210, 405, 27.35, 38, 27, 0x0000000000000001
2026/09/25 02:21:55.445, 210, 405, 27.35, 38, 27, 0x0000000000000001
2026/09/25 02:21:55.769, 210, 405, 27.55, 38, 25, 0x0000000000000001
2026/09/25 02:21:56.090, 210, 405, 27.43, 38, 24, 0x0000000000000001
2026/09/25 02:21:56.412, 210, 405, 27.43, 38, 24, 0x0000000000000001
2026/09/25 02:21:56.721, 210, 405, 27.43, 38, 25, 0x0000000000000001
2026/09/25 02:21:57.042, 210, 405, 27.21, 38, 23, 0x0000000000000001
2026/09/25 02:21:57.362, 210, 405, 27.21, 38, 23, 0x0000000000000001
2026/09/25 02:21:57.668, 210, 405, 27.32, 38, 23, 0x0000000000000001
2026/09/25 02:21:57.989, 210, 405, 27.32, 38, 23, 0x0000000000000001
2026/09/25 02:21:58.309, 210, 405, 27.56, 38, 26, 0x0000000000000001
2026/09/25 02:21:58.630, 210, 405, 27.64, 38, 24, 0x0000000000000001
2026/09/25 02:21:58.952, 210, 405, 27.64, 38, 24, 0x0000000000000001
2026/09/25 02:21:59.273, 210, 405, 27.70, 38, 26, 0x0000000000000001
2026/09/25 02:21:59.594, 210, 405, 27.45, 38, 22, 0x0000000000000001
2026/09/25 02:21:59.918, 210, 405, 27.45, 38, 22, 0x0000000000000001
2026/09/25 02:22:00.240, 210, 405, 27.18, 38, 24, 0x0000000000000001
2026/09/25 02:22:00.548, 210, 405, 27.15, 38, 29, 0x0000000000000001
2026/09/25 02:22:00.867, 210, 405, 27.15, 38, 29, 0x0000000000000001
2026/09/25 02:22:01.177, 210, 405, 27.36, 38, 31, 0x0000000000000001
2026/09/25 02:22:01.499, 210, 405, 27.36, 38, 31, 0x0000000000000001
2026/09/25 02:22:01.821, 210, 405, 27.35, 38, 24, 0x0000000000000001
2026/09/25 02:22:02.130, 210, 405, 27.52, 38, 25, 0x0000000000000001
2026/09/25 02:22:02.452, 210, 405, 27.52, 38, 25, 0x0000000000000001
2026/09/25 02:22:02.772, 210, 405, 27.23, 38, 23, 0x0000000000000001
2026/09/25 02:22:03.081, 210, 405, 27.15, 38, 26, 0x0000000000000001
2026/09/25 02:22:03.388, 210, 405, 27.15, 38, 26, 0x0000000000000001
2026/09/25 02:22:03.695, 210, 405, 27.25, 38, 28, 0x0000000000000001
2026/09/25 02:22:04.005, 210, 405, 27.25, 38, 28, 0x0000000000000001
2026/09/25 02:22:04.312, 210, 405, 27.46, 38, 47, 0x0000000000000001
2026/09/25 02:22:04.634, 225, 405, 27.47, 38, 25, 0x0000000000000001
2026/09/25 02:22:04.956, 225, 405, 27.47, 38, 25, 0x0000000000000001
2026/09/25 02:22:05.264, 225, 405, 27.52, 38, 24, 0x0000000000000001
2026/09/25 02:22:05.584, 225, 405, 27.28, 38, 27, 0x0000000000000001
2026/09/25 02:22:05.907, 225, 405, 27.28, 38, 27, 0x0000000000000001
2026/09/25 02:22:06.229, 210, 405, 27.32, 38, 25, 0x0000000000000001
2026/09/25 02:22:06.536, 210, 405, 27.12, 38, 24, 0x0000000000000001
2026/09/25 02:22:06.855, 210, 405, 27.12, 38, 24, 0x0000000000000001
2026/09/25 02:22:07.192, 210, 405, 26.99, 38, 26, 0x0000000000000001
2026/09/25 02:22:07.514, 210, 405, 26.99, 38, 26, 0x0000000000000001
2026/09/25 02:22:07.835, 210, 405, 26.99, 38, 21, 0x0000000000000001
2026/09/25 02:22:08.158, 210, 405, 27.32, 38, 25, 0x0000000000000001
2026/09/25 02:22:08.510, 210, 405, 27.32, 38, 25, 0x0000000000000001
2026/09/25 02:22:08.834, 210, 405, 27.58, 38, 22, 0x0000000000000001
2026/09/25 02:22:09.143, 210, 405, 27.59, 38, 50, 0x0000000000000001
2026/09/25 02:22:09.466, 210, 405, 27.59, 38, 50, 0x0000000000000001
2026/09/25 02:22:09.792, 240, 405, 27.72, 38, 25, 0x0000000000000001
2026/09/25 02:22:10.131, 240, 405, 27.79, 38, 22, 0x0000000000000001
2026/09/25 02:22:10.451, 240, 405, 27.79, 38, 22, 0x0000000000000001
2026/09/25 02:22:10.771, 240, 405, 27.56, 38, 22, 0x0000000000000001
2026/09/25 02:22:11.091, 225, 405, 27.87, 38, 41, 0x0000000000000001
2026/09/25 02:22:11.413, 225, 405, 27.87, 38, 41, 0x0000000000000001
2026/09/25 02:22:11.751, 210, 405, 27.87, 38, 30, 0x0000000000000001
2026/09/25 02:22:12.070, 210, 405, 27.79, 38, 28, 0x0000000000000001
2026/09/25 02:22:12.392, 210, 405, 27.79, 38, 28, 0x0000000000000001
2026/09/25 02:22:12.713, 210, 405, 26.91, 38, 25, 0x0000000000000001
2026/09/25 02:22:13.035, 210, 405, 26.24, 38, 27, 0x0000000000000001
2026/09/25 02:22:13.358, 210, 405, 26.24, 38, 27, 0x0000000000000001
2026/09/25 02:22:13.679, 210, 405, 26.36, 38, 27, 0x0000000000000001
2026/09/25 02:22:14.001, 210, 405, 26.36, 38, 27, 0x0000000000000001
2026/09/25 02:22:14.338, 210, 405, 26.39, 38, 18, 0x0000000000000001
2026/09/25 02:22:14.672, 210, 405, 26.35, 38, 27, 0x0000000000000001
2026/09/25 02:22:14.993, 210, 405, 26.35, 38, 27, 0x0000000000000001
2026/09/25 02:22:15.362, 210, 405, 26.53, 38, 27, 0x0000000000000001
2026/09/25 02:22:15.698, 210, 405, 26.70, 38, 38, 0x0000000000000001
2026/09/25 02:22:16.024, 210, 405, 26.70, 38, 38, 0x0000000000000001
2026/09/25 02:22:16.345, 210, 405, 27.08, 38, 38, 0x0000000000000001
2026/09/25 02:22:16.668, 210, 405, 28.12, 38, 41, 0x0000000000000001
2026/09/25 02:22:16.990, 210, 405, 28.12, 38, 41, 0x0000000000000001
2026/09/25 02:22:17.300, 2565, 11201, 32.56, 39, 4, 0x0000000000000001
2026/09/25 02:22:17.634, 2565, 11201, 43.75, 39, 8, 0x0000000000000001
2026/09/25 02:22:17.972, 2565, 11201, 43.75, 39, 8, 0x0000000000000001
2026/09/25 02:22:18.280, 2565, 11201, 53.69, 39, 7, 0x0000000000000001
2026/09/25 02:22:18.605, 2565, 11201, 54.28, 39, 5, 0x0000000000000001
2026/09/25 02:22:18.929, 2565, 11201, 54.28, 39, 5, 0x0000000000000001
2026/09/25 02:22:19.253, 2565, 11201, 54.28, 39, 7, 0x0000000000000001
2026/09/25 02:22:19.562, 2565, 11201, 53.89, 39, 8, 0x0000000000000001
2026/09/25 02:22:19.897, 2565, 11201, 53.89, 39, 8, 0x0000000000000001
2026/09/25 02:22:20.219, 1035, 810, 52.95, 39, 15, 0x0000000000000001
2026/09/25 02:22:20.558, 900, 810, 43.72, 39, 16, 0x0000000000000001
2026/09/25 02:22:20.868, 900, 810, 43.72, 39, 16, 0x0000000000000001
2026/09/25 02:22:21.205, 780, 810, 33.70, 38, 20, 0x0000000000000001
2026/09/25 02:22:21.531, 645, 810, 31.59, 38, 14, 0x0000000000000001
2026/09/25 02:22:21.842, 645, 810, 31.59, 38, 14, 0x0000000000000001
2026/09/25 02:22:22.161, 555, 810, 30.88, 38, 15, 0x0000000000000001
2026/09/25 02:22:22.473, 555, 810, 30.88, 38, 15, 0x0000000000000001
2026/09/25 02:22:22.797, 465, 405, 29.92, 38, 31, 0x0000000000000001
2026/09/25 02:22:23.120, 420, 405, 28.74, 38, 19, 0x0000000000000001
2026/09/25 02:22:23.444, 420, 405, 28.74, 38, 19, 0x0000000000000001
2026/09/25 02:22:23.753, 360, 405, 28.28, 38, 29, 0x0000000000000001
2026/09/25 02:22:24.061, 330, 405, 28.49, 38, 33, 0x0000000000000001
2026/09/25 02:22:24.370, 330, 405, 28.49, 38, 33, 0x0000000000000001
2026/09/25 02:22:24.692, 2565, 11201, 37.26, 39, 10, 0x0000000000000001
2026/09/25 02:22:25.013, 2565, 11201, 37.26, 39, 10, 0x0000000000000001
2026/09/25 02:22:25.335, 2565, 11201, 48.73, 39, 6, 0x0000000000000001
2026/09/25 02:22:25.644, 2565, 11201, 53.73, 39, 6, 0x0000000000000001
2026/09/25 02:22:25.954, 2565, 11201, 53.73, 39, 6, 0x0000000000000001
2026/09/25 02:22:26.275, 2565, 11201, 53.55, 39, 7, 0x0000000000000001
2026/09/25 02:22:26.595, 2565, 11201, 53.44, 39, 7, 0x0000000000000001
2026/09/25 02:22:26.916, 2565, 11201, 53.44, 39, 7, 0x0000000000000001
2026/09/25 02:22:27.236, 2565, 11201, 53.12, 39, 5, 0x0000000000000001
2026/09/25 02:22:27.542, 2565, 11201, 52.84, 39, 4, 0x0000000000000001
2026/09/25 02:22:27.852, 2565, 11201, 52.84, 39, 4, 0x0000000000000001
2026/09/25 02:22:28.160, 825, 810, 52.01, 39, 7, 0x0000000000000001
2026/09/25 02:22:28.482, 825, 810, 52.01, 39, 7, 0x0000000000000001
2026/09/25 02:22:28.805, 690, 810, 43.03, 39, 10, 0x0000000000000001
2026/09/25 02:22:29.125, 600, 810, 32.80, 38, 10, 0x0000000000000001
2026/09/25 02:22:29.464, 600, 810, 32.80, 38, 10, 0x0000000000000001
2026/09/25 02:22:29.788, 2565, 11201, 32.13, 39, 15, 0x0000000000000001
2026/09/25 02:22:30.099, 2565, 11201, 42.17, 39, 10, 0x0000000000000001
2026/09/25 02:22:30.407, 2565, 11201, 42.17, 39, 10, 0x0000000000000001
2026/09/25 02:22:30.729, 2565, 11201, 52.58, 39, 10, 0x0000000000000001
2026/09/25 02:22:31.050, 2565, 11201, 53.44, 40, 7, 0x0000000000000001
2026/09/25 02:22:31.358, 2565, 11201, 53.44, 40, 7, 0x0000000000000001
2026/09/25 02:22:31.677, 2565, 11201, 54.41, 40, 10, 0x0000000000000001
2026/09/25 02:22:31.999, 2565, 11201, 54.41, 40, 10, 0x0000000000000001
2026/09/25 02:22:32.308, 2565, 11201, 54.35, 40, 6, 0x0000000000000001
2026/09/25 02:22:32.619, 2565, 11201, 53.78, 40, 10, 0x0000000000000001
2026/09/25 02:22:32.941, 2565, 11201, 53.78, 40, 10, 0x0000000000000001
2026/09/25 02:22:33.261, 1065, 810, 52.86, 40, 14, 0x0000000000000001
2026/09/25 02:22:33.570, 930, 5001, 46.40, 39, 17, 0x0000000000000001
2026/09/25 02:22:33.887, 930, 5001, 46.40, 39, 17, 0x0000000000000001
2026/09/25 02:22:34.208, 840, 5001, 40.18, 39, 18, 0x0000000000000001
2026/09/25 02:22:34.519, 840, 5001, 40.18, 39, 18, 0x0000000000000001
2026/09/25 02:22:34.827, 735, 810, 39.07, 39, 22, 0x0000000000000001
2026/09/25 02:22:35.146, 660, 810, 36.13, 39, 7, 0x0000000000000001
2026/09/25 02:22:35.453, 660, 810, 36.13, 39, 7, 0x0000000000000001
2026/09/25 02:22:35.761, 540, 810, 32.43, 39, 14, 0x0000000000000001
2026/09/25 02:22:36.084, 480, 810, 30.92, 39, 26, 0x0000000000000001
2026/09/25 02:22:36.398, 480, 810, 30.92, 39, 26, 0x0000000000000001
2026/09/25 02:22:36.721, 405, 810, 30.65, 39, 17, 0x0000000000000001
2026/09/25 02:22:37.039, 360, 405, 30.14, 38, 18, 0x0000000000000001
2026/09/25 02:22:37.359, 360, 405, 30.14, 38, 18, 0x0000000000000001
2026/09/25 02:22:37.679, 315, 405, 29.18, 38, 29, 0x0000000000000001
2026/09/25 02:22:37.987, 315, 405, 29.18, 38, 29, 0x0000000000000001
2026/09/25 02:22:38.324, 285, 405, 28.17, 38, 24, 0x0000000000000001
2026/09/25 02:22:38.658, 240, 405, 27.66, 38, 18, 0x0000000000000001
2026/09/25 02:22:38.978, 240, 405, 27.66, 38, 18, 0x0000000000000001
2026/09/25 02:22:39.301, 345, 405, 28.94, 39, 48, 0x0000000000000001
2026/09/25 02:22:39.619, 360, 405, 29.57, 38, 22, 0x0000000000000001
2026/09/25 02:22:39.927, 360, 405, 29.57, 38, 22, 0x0000000000000001
2026/09/25 02:22:40.248, 360, 405, 29.45, 38, 41, 0x0000000000000001
2026/09/25 02:22:40.569, 465, 405, 30.13, 39, 29, 0x0000000000000001
2026/09/25 02:22:40.876, 465, 405, 30.13, 39, 29, 0x0000000000000001
2026/09/25 02:22:41.196, 465, 405, 30.52, 39, 28, 0x0000000000000001
2026/09/25 02:22:41.518, 465, 405, 30.52, 39, 28, 0x0000000000000001
2026/09/25 02:22:41.841, 465, 405, 29.91, 39, 29, 0x0000000000000001
2026/09/25 02:22:42.161, 465, 405, 29.63, 39, 24, 0x0000000000000001
2026/09/25 02:22:42.483, 465, 405, 29.63, 39, 24, 0x0000000000000001
2026/09/25 02:22:42.804, 315, 405, 29.65, 38, 35, 0x0000000000000001
2026/09/25 02:22:43.122, 300, 405, 29.96, 38, 33, 0x0000000000000001
2026/09/25 02:22:43.444, 300, 405, 29.96, 38, 33, 0x0000000000000001
2026/09/25 02:22:43.764, 285, 405, 30.17, 38, 34, 0x0000000000000001
2026/09/25 02:22:44.087, 270, 405, 29.93, 38, 32, 0x0000000000000001
2026/09/25 02:22:44.409, 270, 405, 29.93, 38, 32, 0x0000000000000001
2026/09/25 02:22:44.719, 255, 405, 29.81, 39, 39, 0x0000000000000001
2026/09/25 02:22:45.027, 255, 405, 29.81, 39, 39, 0x0000000000000001
2026/09/25 02:22:45.348, 255, 405, 29.83, 38, 37, 0x0000000000000001
2026/09/25 02:22:45.668, 270, 405, 30.26, 39, 36, 0x0000000000000001
2026/09/25 02:22:45.985, 270, 405, 30.26, 39, 36, 0x0000000000000001
2026/09/25 02:22:46.293, 255, 405, 30.45, 38, 33, 0x0000000000000001
2026/09/25 02:22:46.614, 240, 405, 30.34, 39, 38, 0x0000000000000001
2026/09/25 02:22:46.979, 240, 405, 30.34, 39, 38, 0x0000000000000001
2026/09/25 02:22:47.288, 240, 405, 30.36, 38, 37, 0x0000000000000001
2026/09/25 02:22:47.609, 225, 405, 30.11, 38, 42, 0x0000000000000001
2026/09/25 02:22:47.931, 225, 405, 30.11, 38, 42, 0x0000000000000001
2026/09/25 02:22:48.241, 225, 405, 30.11, 39, 41, 0x0000000000000001
2026/09/25 02:22:48.564, 225, 405, 30.00, 39, 39, 0x0000000000000001
2026/09/25 02:22:48.885, 225, 405, 30.00, 39, 39, 0x0000000000000001
2026/09/25 02:22:49.208, 225, 405, 30.11, 39, 43, 0x0000000000000001
2026/09/25 02:22:49.530, 225, 405, 30.41, 39, 42, 0x0000000000000001
2026/09/25 02:22:49.841, 225, 405, 30.41, 39, 42, 0x0000000000000001
2026/09/25 02:22:50.164, 225, 405, 30.44, 39, 39, 0x0000000000000001
2026/09/25 02:22:50.486, 225, 405, 30.44, 39, 39, 0x0000000000000001
2026/09/25 02:22:50.810, 210, 405, 30.50, 39, 44, 0x0000000000000001
2026/09/25 02:22:51.129, 210, 405, 30.46, 39, 36, 0x0000000000000001
2026/09/25 02:22:51.436, 210, 405, 30.46, 39, 36, 0x0000000000000001
2026/09/25 02:22:51.756, 210, 405, 30.58, 39, 36, 0x0000000000000001
2026/09/25 02:22:52.079, 225, 405, 30.59, 39, 45, 0x0000000000000001
2026/09/25 02:22:52.403, 225, 405, 30.59, 39, 45, 0x0000000000000001
2026/09/25 02:22:52.712, 285, 405, 30.84, 39, 34, 0x0000000000000001
2026/09/25 02:22:53.035, 285, 405, 30.61, 39, 35, 0x0000000000000001
2026/09/25 02:22:53.346, 285, 405, 30.61, 39, 35, 0x0000000000000001
2026/09/25 02:22:53.684, 285, 405, 30.23, 39, 38, 0x0000000000000001
2026/09/25 02:22:54.008, 285, 405, 30.23, 39, 38, 0x0000000000000001
2026/09/25 02:22:54.331, 240, 405, 30.35, 39, 38, 0x0000000000000001
2026/09/25 02:22:54.713, 210, 405, 30.44, 39, 44, 0x0000000000000001
2026/09/25 02:22:55.034, 210, 405, 30.00, 38, 32, 0x0000000000000001
2026/09/25 02:22:55.344, 210, 405, 30.00, 38, 32, 0x0000000000000001
2026/09/25 02:22:55.652, 210, 405, 29.92, 39, 41, 0x0000000000000001
2026/09/25 02:22:55.961, 210, 405, 29.92, 39, 41, 0x0000000000000001
2026/09/25 02:22:56.270, 2565, 11201, 33.04, 39, 6, 0x0000000000000001
2026/09/25 02:22:56.591, 2565, 11201, 43.68, 40, 7, 0x0000000000000001
2026/09/25 02:22:56.912, 2565, 11201, 43.68, 40, 7, 0x0000000000000001
2026/09/25 02:22:57.234, 2565, 11201, 53.71, 40, 8, 0x0000000000000001
2026/09/25 02:22:57.555, 2565, 11201, 53.88, 40, 9, 0x0000000000000001
2026/09/25 02:22:57.875, 2565, 11201, 53.88, 40, 9, 0x0000000000000001
2026/09/25 02:22:58.196, 2565, 11201, 53.43, 40, 7, 0x0000000000000001
2026/09/25 02:22:58.516, 2565, 11201, 53.43, 40, 7, 0x0000000000000001
2026/09/25 02:22:58.821, 2565, 11201, 53.25, 40, 7, 0x0000000000000001
2026/09/25 02:22:59.143, 930, 810, 52.81, 40, 10, 0x0000000000000001
2026/09/25 02:22:59.465, 930, 810, 52.81, 40, 10, 0x0000000000000001
2026/09/25 02:22:59.788, 840, 810, 44.20, 39, 21, 0x0000000000000001
2026/09/25 02:23:00.111, 750, 810, 33.97, 39, 12, 0x0000000000000001
2026/09/25 02:23:00.431, 750, 810, 33.97, 39, 12, 0x0000000000000001
2026/09/25 02:23:00.753, 600, 810, 31.10, 39, 27, 0x0000000000000001
2026/09/25 02:23:01.063, 540, 810, 30.58, 39, 20, 0x0000000000000001
2026/09/25 02:23:01.374, 540, 810, 30.58, 39, 20, 0x0000000000000001
2026/09/25 02:23:01.682, 450, 405, 30.35, 39, 22, 0x0000000000000001
2026/09/25 02:23:02.002, 450, 405, 30.35, 39, 22, 0x0000000000000001
2026/09/25 02:23:02.324, 405, 405, 29.32, 39, 25, 0x0000000000000001
2026/09/25 02:23:02.647, 360, 405, 28.98, 39, 28, 0x0000000000000001
2026/09/25 02:23:02.970, 360, 405, 28.98, 39, 28, 0x0000000000000001
2026/09/25 02:23:03.281, 345, 405, 29.32, 39, 25, 0x0000000000000001
2026/09/25 02:23:03.602, 300, 405, 29.20, 39, 30, 0x0000000000000001
2026/09/25 02:23:03.910, 300, 405, 29.20, 39, 30, 0x0000000000000001
2026/09/25 02:23:04.220, 285, 405, 28.82, 39, 35, 0x0000000000000001
2026/09/25 02:23:04.531, 270, 405, 29.30, 39, 53, 0x0000000000000001
2026/09/25 02:23:04.850, 270, 405, 29.30, 39, 53, 0x0000000000000001
2026/09/25 02:23:05.172, 285, 405, 29.76, 39, 22, 0x0000000000000001
2026/09/25 02:23:05.482, 285, 405, 29.76, 39, 22, 0x0000000000000001
2026/09/25 02:23:05.820, 285, 405, 29.55, 39, 30, 0x0000000000000001
2026/09/25 02:23:06.143, 285, 405, 29.04, 39, 31, 0x0000000000000001
2026/09/25 02:23:06.463, 285, 405, 29.04, 39, 31, 0x0000000000000001
2026/09/25 02:23:06.787, 210, 405, 29.07, 39, 31, 0x0000000000000001
2026/09/25 02:23:07.095, 210, 405, 29.12, 39, 40, 0x0000000000000001
2026/09/25 02:23:07.402, 210, 405, 29.12, 39, 40, 0x0000000000000001
2026/09/25 02:23:07.722, 210, 405, 29.24, 39, 44, 0x0000000000000001
2026/09/25 02:23:08.029, 210, 405, 29.24, 39, 40, 0x0000000000000001
2026/09/25 02:23:08.339, 210, 405, 29.35, 39, 40, 0x0000000000000001
2026/09/25 02:23:08.647, 210, 405, 29.10, 39, 36, 0x0000000000000001
2026/09/25 02:23:08.959, 210, 405, 29.10, 39, 36, 0x0000000000000001
2026/09/25 02:23:09.281, 210, 405, 29.20, 39, 40, 0x0000000000000001
2026/09/25 02:23:09.591, 210, 405, 29.64, 39, 36, 0x0000000000000001
2026/09/25 02:23:09.945, 210, 405, 29.64, 39, 36, 0x0000000000000001
2026/09/25 02:23:10.266, 210, 405, 29.72, 39, 34, 0x0000000000000001
2026/09/25 02:23:10.584, 210, 405, 29.76, 39, 42, 0x0000000000000001
2026/09/25 02:23:10.894, 210, 405, 29.76, 39, 42, 0x0000000000000001
2026/09/25 02:23:11.204, 210, 405, 30.15, 39, 41, 0x0000000000000001
2026/09/25 02:23:11.515, 210, 405, 30.15, 39, 41, 0x0000000000000001
2026/09/25 02:23:11.824, 210, 405, 30.20, 39, 39, 0x0000000000000001
2026/09/25 02:23:12.132, 210, 405, 29.95, 39, 35, 0x0000000000000001
2026/09/25 02:23:12.455, 210, 405, 29.95, 39, 35, 0x0000000000000001
2026/09/25 02:23:12.773, 210, 405, 29.73, 39, 37, 0x0000000000000001
2026/09/25 02:23:13.083, 210, 405, 29.44, 39, 37, 0x0000000000000001
2026/09/25 02:23:13.406, 210, 405, 29.44, 39, 37, 0x0000000000000001
2026/09/25 02:23:13.717, 210, 405, 29.55, 39, 41, 0x0000000000000001
2026/09/25 02:23:14.053, 210, 405, 29.64, 39, 35, 0x0000000000000001
2026/09/25 02:23:14.374, 210, 405, 29.64, 39, 35, 0x0000000000000001
2026/09/25 02:23:14.683, 210, 405, 29.67, 39, 38, 0x0000000000000001
2026/09/25 02:23:15.006, 210, 405, 29.67, 39, 38, 0x0000000000000001
2026/09/25 02:23:15.314, 210, 405, 29.26, 39, 34, 0x0000000000000001
2026/09/25 02:23:15.636, 210, 405, 29.15, 39, 38, 0x0000000000000001
2026/09/25 02:23:15.945, 210, 405, 29.15, 39, 38, 0x0000000000000001
2026/09/25 02:23:16.266, 210, 405, 29.31, 39, 42, 0x0000000000000001
2026/09/25 02:23:16.588, 210, 405, 29.39, 39, 38, 0x0000000000000001
2026/09/25 02:23:16.908, 210, 405, 29.39, 39, 38, 0x0000000000000001
2026/09/25 02:23:17.230, 210, 405, 29.20, 39, 41, 0x0000000000000001
2026/09/25 02:23:17.539, 210, 405, 28.99, 39, 38, 0x0000000000000001
2026/09/25 02:23:17.846, 210, 405, 28.99, 39, 38, 0x0000000000000001
2026/09/25 02:23:18.152, 210, 405, 29.06, 39, 35, 0x0000000000000001
2026/09/25 02:23:18.461, 210, 405, 29.06, 39, 35, 0x0000000000000001
2026/09/25 02:23:18.787, 210, 405, 29.11, 39, 39, 0x0000000000000001
2026/09/25 02:23:19.110, 210, 405, 29.12, 39, 39, 0x0000000000000001
2026/09/25 02:23:19.419, 210, 405, 29.12, 39, 39, 0x0000000000000001
2026/09/25 02:23:19.742, 210, 405, 29.48, 39, 40, 0x0000000000000001
2026/09/25 02:23:20.066, 210, 405, 29.63, 39, 40, 0x0000000000000001
2026/09/25 02:23:20.388, 210, 405, 29.63, 39, 40, 0x0000000000000001
2026/09/25 02:23:20.712, 210, 405, 29.62, 39, 43, 0x0000000000000001
2026/09/25 02:23:21.034, 210, 405, 29.51, 39, 43, 0x0000000000000001
2026/09/25 02:23:21.356, 210, 405, 29.51, 39, 43, 0x0000000000000001
2026/09/25 02:23:21.679, 210, 405, 29.46, 39, 34, 0x0000000000000001
2026/09/25 02:23:22.002, 210, 405, 29.46, 39, 34, 0x0000000000000001
2026/09/25 02:23:22.324, 210, 405, 29.65, 39, 36, 0x0000000000000001
2026/09/25 02:23:22.645, 210, 405, 29.65, 39, 42, 0x0000000000000001
2026/09/25 02:23:22.968, 210, 405, 29.65, 39, 42, 0x0000000000000001
2026/09/25 02:23:23.292, 210, 405, 29.55, 39, 42, 0x0000000000000001
2026/09/25 02:23:23.600, 210, 405, 29.54, 39, 45, 0x0000000000000001
2026/09/25 02:23:23.909, 210, 405, 29.54, 39, 45, 0x0000000000000001
2026/09/25 02:23:24.219, 210, 405, 29.53, 39, 44, 0x0000000000000001
2026/09/25 02:23:24.544, 210, 405, 29.52, 39, 44, 0x0000000000000001
2026/09/25 02:23:24.865, 210, 405, 29.52, 39, 44, 0x0000000000000001
2026/09/25 02:23:25.189, 210, 405, 29.60, 39, 38, 0x0000000000000001
2026/09/25 02:23:25.508, 210, 405, 29.60, 39, 38, 0x0000000000000001
2026/09/25 02:23:25.815, 210, 405, 29.60, 39, 38, 0x0000000000000001
2026/09/25 02:23:26.136, 210, 405, 29.55, 39, 37, 0x0000000000000001
2026/09/25 02:23:26.445, 210, 405, 29.55, 39, 37, 0x0000000000000001
2026/09/25 02:23:26.756, 210, 405, 29.60, 39, 39, 0x0000000000000001
2026/09/25 02:23:27.125, 210, 405, 29.56, 39, 48, 0x0000000000000001
2026/09/25 02:23:27.434, 210, 405, 29.56, 39, 48, 0x0000000000000001
2026/09/25 02:23:27.821, 210, 405, 29.55, 39, 42, 0x0000000000000001
2026/09/25 02:23:28.146, 210, 405, 29.46, 39, 33, 0x0000000000000001
2026/09/25 02:23:28.465, 210, 405, 29.46, 39, 33, 0x0000000000000001
2026/09/25 02:23:28.786, 210, 405, 29.41, 39, 41, 0x0000000000000001
2026/09/25 02:23:29.110, 210, 405, 29.39, 39, 39, 0x0000000000000001
2026/09/25 02:23:29.418, 210, 405, 29.39, 39, 39, 0x0000000000000001
2026/09/25 02:23:29.740, 210, 405, 29.58, 39, 39, 0x0000000000000001
2026/09/25 02:23:30.064, 210, 405, 29.57, 39, 45, 0x0000000000000001
2026/09/25 02:23:30.388, 210, 405, 29.57, 39, 45, 0x0000000000000001
2026/09/25 02:23:30.698, 210, 405, 29.59, 39, 38, 0x0000000000000001
2026/09/25 02:23:31.022, 210, 405, 29.59, 39, 38, 0x0000000000000001
2026/09/25 02:23:31.329, 210, 405, 29.63, 39, 39, 0x0000000000000001
2026/09/25 02:23:31.636, 210, 405, 29.53, 39, 40, 0x0000000000000001
2026/09/25 02:23:31.955, 210, 405, 29.53, 39, 40, 0x0000000000000001
2026/09/25 02:23:32.279, 210, 405, 29.62, 39, 36, 0x0000000000000001
2026/09/25 02:23:32.599, 210, 405, 29.76, 39, 42, 0x0000000000000001
2026/09/25 02:23:32.908, 210, 405, 29.76, 39, 42, 0x0000000000000001
2026/09/25 02:23:33.215, 210, 405, 29.82, 39, 42, 0x0000000000000001
2026/09/25 02:23:33.525, 210, 405, 29.82, 39, 42, 0x0000000000000001
2026/09/25 02:23:33.833, 210, 405, 29.92, 39, 39, 0x0000000000000001
2026/09/25 02:23:34.141, 210, 405, 29.95, 39, 39, 0x0000000000000001
2026/09/25 02:23:34.451, 210, 405, 29.95, 39, 39, 0x0000000000000001
2026/09/25 02:23:34.758, 210, 405, 29.78, 39, 38, 0x0000000000000001
2026/09/25 02:23:35.067, 210, 405, 29.48, 39, 39, 0x0000000000000001
2026/09/25 02:23:35.374, 210, 405, 29.48, 39, 39, 0x0000000000000001
2026/09/25 02:23:35.694, 210, 405, 29.55, 39, 44, 0x0000000000000001
2026/09/25 02:23:36.003, 210, 405, 29.55, 39, 44, 0x0000000000000001
2026/09/25 02:23:36.310, 210, 405, 29.56, 39, 45, 0x0000000000000001
2026/09/25 02:23:36.630, 210, 405, 29.59, 39, 40, 0x0000000000000001
2026/09/25 02:23:36.939, 210, 405, 29.59, 39, 40, 0x0000000000000001
2026/09/25 02:23:37.250, 210, 405, 29.81, 39, 41, 0x0000000000000001
2026/09/25 02:23:37.572, 210, 405, 30.05, 39, 38, 0x0000000000000001
2026/09/25 02:23:37.880, 210, 405, 30.05, 39, 38, 0x0000000000000001
2026/09/25 02:23:38.204, 210, 405, 30.18, 39, 51, 0x0000000000000001
2026/09/25 02:23:38.525, 210, 405, 30.18, 39, 51, 0x0000000000000001
2026/09/25 02:23:38.834, 210, 405, 30.06, 39, 44, 0x0000000000000001
2026/09/25 02:23:39.155, 210, 405, 29.93, 39, 44, 0x0000000000000001
2026/09/25 02:23:39.476, 210, 405, 29.93, 39, 44, 0x0000000000000001
2026/09/25 02:23:39.802, 210, 405, 29.64, 39, 40, 0x0000000000000001
2026/09/25 02:23:40.112, 210, 405, 29.68, 39, 38, 0x0000000000000001
2026/09/25 02:23:40.419, 210, 405, 29.68, 39, 38, 0x0000000000000001
2026/09/25 02:23:40.738, 210, 405, 29.71, 39, 36, 0x0000000000000001
2026/09/25 02:23:41.047, 210, 405, 29.47, 39, 42, 0x0000000000000001
2026/09/25 02:23:41.356, 210, 405, 29.47, 39, 42, 0x0000000000000001
2026/09/25 02:23:41.678, 210, 405, 29.42, 39, 38, 0x0000000000000001
2026/09/25 02:23:41.989, 210, 405, 29.42, 39, 38, 0x0000000000000001
2026/09/25 02:23:42.309, 210, 405, 29.78, 39, 48, 0x0000000000000001
2026/09/25 02:23:42.631, 210, 405, 29.98, 39, 44, 0x0000000000000001
2026/09/25 02:23:42.939, 210, 405, 29.98, 39, 44, 0x0000000000000001
2026/09/25 02:23:43.264, 210, 405, 30.04, 39, 45, 0x0000000000000001
2026/09/25 02:23:43.583, 210, 405, 30.17, 39, 34, 0x0000000000000001
2026/09/25 02:23:43.904, 210, 405, 30.17, 39, 34, 0x0000000000000001
2026/09/25 02:23:44.227, 210, 405, 30.10, 39, 41, 0x0000000000000001
2026/09/25 02:23:44.535, 210, 405, 29.86, 39, 40, 0x0000000000000001
2026/09/25 02:23:44.844, 210, 405, 29.86, 39, 40, 0x0000000000000001
2026/09/25 02:23:45.152, 210, 405, 29.78, 39, 45, 0x0000000000000001
2026/09/25 02:23:45.463, 210, 405, 29.78, 39, 45, 0x0000000000000001
2026/09/25 02:23:45.772, 210, 405, 29.72, 39, 41, 0x0000000000000001
2026/09/25 02:23:46.125, 210, 405, 29.71, 39, 47, 0x0000000000000001
2026/09/25 02:23:46.432, 210, 405, 29.71, 39, 47, 0x0000000000000001
2026/09/25 02:23:46.741, 210, 405, 29.68, 39, 39, 0x0000000000000001
2026/09/25 02:23:47.048, 210, 405, 29.70, 39, 43, 0x0000000000000001
2026/09/25 02:23:47.356, 210, 405, 29.70, 39, 43, 0x0000000000000001
2026/09/25 02:23:47.664, 210, 405, 29.50, 39, 40, 0x0000000000000001
2026/09/25 02:23:47.971, 210, 405, 29.50, 39, 40, 0x0000000000000001
2026/09/25 02:23:48.281, 210, 405, 28.97, 39, 32, 0x0000000000000001
2026/09/25 02:23:48.589, 210, 405, 28.93, 39, 45, 0x0000000000000001
2026/09/25 02:23:48.895, 210, 405, 28.93, 39, 45, 0x0000000000000001
2026/09/25 02:23:49.216, 210, 405, 29.43, 39, 46, 0x0000000000000001
2026/09/25 02:23:49.523, 210, 405, 29.43, 39, 46, 0x0000000000000001
2026/09/25 02:23:49.844, 210, 405, 29.44, 39, 39, 0x0000000000000001
2026/09/25 02:23:50.152, 210, 405, 29.33, 39, 48, 0x0000000000000001
2026/09/25 02:23:50.458, 210, 405, 29.33, 39, 48, 0x0000000000000001
2026/09/25 02:23:50.780, 210, 405, 29.15, 39, 34, 0x0000000000000001
2026/09/25 02:23:51.103, 210, 405, 29.19, 39, 35, 0x0000000000000001
2026/09/25 02:23:51.413, 210, 405, 29.19, 39, 35, 0x0000000000000001
2026/09/25 02:23:51.722, 210, 405, 29.26, 39, 41, 0x0000000000000001
2026/09/25 02:23:52.033, 210, 405, 29.26, 39, 41, 0x0000000000000001
2026/09/25 02:23:52.342, 210, 405, 28.94, 39, 41, 0x0000000000000001
2026/09/25 02:23:52.651, 210, 405, 29.20, 39, 39, 0x0000000000000001
2026/09/25 02:23:52.973, 210, 405, 29.20, 39, 39, 0x0000000000000001
2026/09/25 02:23:53.286, 210, 405, 29.72, 39, 41, 0x0000000000000001
2026/09/25 02:23:53.594, 210, 405, 29.73, 39, 40, 0x0000000000000001
2026/09/25 02:23:53.902, 210, 405, 29.73, 39, 40, 0x0000000000000001
2026/09/25 02:23:54.212, 210, 405, 29.53, 39, 39, 0x0000000000000001
2026/09/25 02:23:54.532, 210, 405, 29.53, 39, 39, 0x0000000000000001
2026/09/25 02:23:54.839, 315, 405, 30.33, 39, 46, 0x0000000000000001
2026/09/25 02:23:55.149, 315, 405, 29.78, 39, 18, 0x0000000000000001
2026/09/25 02:23:55.456, 315, 405, 29.78, 39, 18, 0x0000000000000001
2026/09/25 02:23:55.779, 405, 405, 29.49, 39, 56, 0x0000000000000001
2026/09/25 02:23:56.099, 405, 405, 30.21, 39, 35, 0x0000000000000001
2026/09/25 02:23:56.410, 405, 405, 30.21, 39, 35, 0x0000000000000001
2026/09/25 02:23:56.717, 405, 405, 30.64, 39, 37, 0x0000000000000001
2026/09/25 02:23:57.026, 405, 405, 30.64, 39, 37, 0x0000000000000001
2026/09/25 02:23:57.336, 405, 405, 30.42, 39, 29, 0x0000000000000001
2026/09/25 02:23:57.645, 300, 405, 30.21, 39, 32, 0x0000000000000001
2026/09/25 02:23:57.953, 300, 405, 30.21, 39, 32, 0x0000000000000001
2026/09/25 02:23:58.262, 270, 405, 29.72, 39, 22, 0x0000000000000001
2026/09/25 02:23:58.573, 255, 405, 29.59, 39, 36, 0x0000000000000001
2026/09/25 02:23:58.897, 255, 405, 29.59, 39, 36, 0x0000000000000001
2026/09/25 02:23:59.204, 240, 405, 29.83, 39, 37, 0x0000000000000001
2026/09/25 02:23:59.525, 240, 405, 29.83, 39, 37, 0x0000000000000001
2026/09/25 02:23:59.834, 210, 405, 29.80, 39, 40, 0x0000000000000001
2026/09/25 02:24:00.145, 210, 405, 29.84, 39, 40, 0x0000000000000001
2026/09/25 02:24:00.456, 210, 405, 29.84, 39, 40, 0x0000000000000001
2026/09/25 02:24:00.766, 210, 405, 29.90, 39, 36, 0x0000000000000001
2026/09/25 02:24:01.075, 210, 405, 30.15, 39, 49, 0x0000000000000001
2026/09/25 02:24:01.384, 210, 405, 30.15, 39, 49, 0x0000000000000001
2026/09/25 02:24:01.708, 225, 405, 30.07, 39, 46, 0x0000000000000001
2026/09/25 02:24:02.015, 225, 405, 30.07, 39, 46, 0x0000000000000001
2026/09/25 02:24:02.337, 210, 405, 30.28, 39, 44, 0x0000000000000001
2026/09/25 02:24:02.649, 210, 405, 30.22, 39, 43, 0x0000000000000001
2026/09/25 02:24:02.958, 210, 405, 30.22, 39, 43, 0x0000000000000001
2026/09/25 02:24:03.281, 210, 405, 29.85, 39, 48, 0x0000000000000001
2026/09/25 02:24:03.621, 210, 405, 29.80, 39, 43, 0x0000000000000001
2026/09/25 02:24:03.944, 210, 405, 29.80, 39, 43, 0x0000000000000001
2026/09/25 02:24:04.252, 210, 405, 30.03, 39, 45, 0x0000000000000001
2026/09/25 02:24:04.558, 210, 405, 30.14, 39, 41, 0x0000000000000001
2026/09/25 02:24:04.880, 210, 405, 30.14, 39, 41, 0x0000000000000001
2026/09/25 02:24:05.188, 210, 405, 30.16, 39, 46, 0x0000000000000001
2026/09/25 02:24:05.511, 210, 405, 30.16, 39, 46, 0x0000000000000001
2026/09/25 02:24:05.835, 210, 405, 30.11, 39, 44, 0x0000000000000001
2026/09/25 02:24:06.145, 210, 405, 30.21, 39, 43, 0x0000000000000001
2026/09/25 02:24:06.468, 210, 405, 30.21, 39, 43, 0x0000000000000001
2026/09/25 02:24:06.790, 225, 405, 30.16, 39, 44, 0x0000000000000001
2026/09/25 02:24:07.112, 225, 405, 29.87, 39, 44, 0x0000000000000001
2026/09/25 02:24:07.422, 225, 405, 29.87, 39, 44, 0x0000000000000001
2026/09/25 02:24:07.729, 210, 405, 29.92, 39, 38, 0x0000000000000001
2026/09/25 02:24:08.053, 210, 405, 29.83, 39, 38, 0x0000000000000001
2026/09/25 02:24:08.364, 210, 405, 29.83, 39, 38, 0x0000000000000001
2026/09/25 02:24:08.673, 210, 405, 29.88, 39, 41, 0x0000000000000001
2026/09/25 02:24:08.981, 210, 405, 29.88, 39, 41, 0x0000000000000001
2026/09/25 02:24:09.302, 210, 405, 29.95, 39, 45, 0x0000000000000001
2026/09/25 02:24:09.612, 210, 405, 29.75, 39, 42, 0x0000000000000001
2026/09/25 02:24:09.920, 210, 405, 29.75, 39, 42, 0x0000000000000001
2026/09/25 02:24:10.229, 210, 405, 29.88, 39, 45, 0x0000000000000001
2026/09/25 02:24:10.536, 210, 405, 29.75, 39, 41, 0x0000000000000001
2026/09/25 02:24:10.856, 210, 405, 29.75, 39, 41, 0x0000000000000001
2026/09/25 02:24:11.165, 210, 405, 29.44, 39, 34, 0x0000000000000001
2026/09/25 02:24:11.489, 210, 405, 29.44, 39, 34, 0x0000000000000001
2026/09/25 02:24:11.797, 210, 405, 29.36, 39, 40, 0x0000000000000001
2026/09/25 02:24:12.103, 225, 405, 29.81, 39, 39, 0x0000000000000001
2026/09/25 02:24:12.409, 225, 405, 29.81, 39, 39, 0x0000000000000001
2026/09/25 02:24:12.719, 210, 405, 30.20, 39, 36, 0x0000000000000001
2026/09/25 02:24:13.026, 210, 405, 30.20, 39, 36, 0x0000000000000001
2026/09/25 02:24:13.336, 210, 405, 30.19, 39, 42, 0x0000000000000001
2026/09/25 02:24:13.645, 210, 405, 30.03, 39, 42, 0x0000000000000001
2026/09/25 02:24:13.955, 210, 405, 30.03, 39, 42, 0x0000000000000001
2026/09/25 02:24:14.262, 210, 405, 30.14, 39, 44, 0x0000000000000001
2026/09/25 02:24:14.571, 210, 405, 30.10, 39, 31, 0x0000000000000001
2026/09/25 02:24:14.883, 210, 405, 30.10, 39, 31, 0x0000000000000001
2026/09/25 02:24:15.207, 210, 405, 30.00, 39, 45, 0x0000000000000001
2026/09/25 02:24:15.533, 210, 405, 30.00, 39, 45, 0x0000000000000001
2026/09/25 02:24:15.841, 210, 405, 29.53, 39, 37, 0x0000000000000001
2026/09/25 02:24:16.149, 210, 405, 29.55, 39, 41, 0x0000000000000001
2026/09/25 02:24:16.456, 210, 405, 29.55, 39, 41, 0x0000000000000001
2026/09/25 02:24:16.764, 210, 405, 29.53, 39, 46, 0x0000000000000001
2026/09/25 02:24:17.088, 210, 405, 29.86, 39, 43, 0x0000000000000001
2026/09/25 02:24:17.397, 210, 405, 29.86, 39, 43, 0x0000000000000001
2026/09/25 02:24:17.704, 210, 405, 30.03, 39, 43, 0x0000000000000001
2026/09/25 02:24:18.025, 210, 405, 30.03, 39, 43, 0x0000000000000001
2026/09/25 02:24:18.332, 225, 405, 29.89, 39, 39, 0x0000000000000001
2026/09/25 02:24:18.641, 210, 405, 30.05, 39, 40, 0x0000000000000001
2026/09/25 02:24:18.948, 210, 405, 30.05, 39, 40, 0x0000000000000001
2026/09/25 02:24:19.269, 210, 405, 30.18, 39, 43, 0x0000000000000001
2026/09/25 02:24:19.577, 210, 405, 30.07, 39, 40, 0x0000000000000001
2026/09/25 02:24:19.886, 210, 405, 30.07, 39, 40, 0x0000000000000001
2026/09/25 02:24:20.206, 210, 405, 30.05, 39, 41, 0x0000000000000001
2026/09/25 02:24:20.515, 210, 405, 30.05, 39, 41, 0x0000000000000001
2026/09/25 02:24:20.835, 225, 405, 30.15, 39, 53, 0x0000000000000001
2026/09/25 02:24:21.144, 225, 405, 30.09, 39, 29, 0x0000000000000001
2026/09/25 02:24:21.467, 225, 405, 30.09, 39, 29, 0x0000000000000001
2026/09/25 02:24:21.778, 225, 405, 29.59, 39, 39, 0x0000000000000001
2026/09/25 02:24:22.087, 210, 405, 29.36, 39, 40, 0x0000000000000001
2026/09/25 02:24:22.397, 210, 405, 29.36, 39, 40, 0x0000000000000001
2026/09/25 02:24:22.704, 210, 405, 29.65, 39, 41, 0x0000000000000001
2026/09/25 02:24:23.012, 210, 405, 29.65, 39, 41, 0x0000000000000001
2026/09/25 02:24:23.323, 210, 405, 29.82, 39, 42, 0x0000000000000001
2026/09/25 02:24:23.633, 210, 405, 30.06, 39, 44, 0x0000000000000001
2026/09/25 02:24:23.972, 210, 405, 30.06, 39, 44, 0x0000000000000001
2026/09/25 02:24:24.282, 210, 405, 30.20, 39, 40, 0x0000000000000001
2026/09/25 02:24:24.590, 210, 405, 30.06, 39, 36, 0x0000000000000001
2026/09/25 02:24:24.897, 210, 405, 30.06, 39, 36, 0x0000000000000001
2026/09/25 02:24:25.206, 210, 405, 30.20, 39, 42, 0x0000000000000001
2026/09/25 02:24:25.514, 210, 405, 30.20, 39, 42, 0x0000000000000001
2026/09/25 02:24:25.822, 210, 405, 30.42, 39, 41, 0x0000000000000001
2026/09/25 02:24:26.130, 225, 405, 30.71, 39, 39, 0x0000000000000001
2026/09/25 02:24:26.442, 225, 405, 30.71, 39, 39, 0x0000000000000001
2026/09/25 02:24:26.751, 210, 405, 30.51, 39, 45, 0x0000000000000001
2026/09/25 02:24:27.060, 210, 405, 30.18, 39, 35, 0x0000000000000001
2026/09/25 02:24:27.375, 210, 405, 30.18, 39, 35, 0x0000000000000001
2026/09/25 02:24:27.698, 210, 405, 29.95, 39, 44, 0x0000000000000001
2026/09/25 02:24:28.007, 210, 405, 29.95, 39, 44, 0x0000000000000001
2026/09/25 02:24:28.326, 210, 405, 29.89, 39, 41, 0x0000000000000001
2026/09/25 02:24:28.648, 210, 405, 30.00, 39, 51, 0x0000000000000001
2026/09/25 02:24:28.973, 210, 405, 30.00, 39, 51, 0x0000000000000001
2026/09/25 02:24:29.297, 210, 405, 29.92, 39, 43, 0x0000000000000001
2026/09/25 02:24:29.605, 210, 405, 29.84, 39, 42, 0x0000000000000001
2026/09/25 02:24:29.915, 210, 405, 29.84, 39, 42, 0x0000000000000001
2026/09/25 02:24:30.225, 240, 405, 30.00, 39, 38, 0x0000000000000001
2026/09/25 02:24:30.533, 240, 405, 30.00, 39, 38, 0x0000000000000001
2026/09/25 02:24:30.855, 240, 405, 29.99, 39, 33, 0x0000000000000001
2026/09/25 02:24:31.177, 240, 405, 29.70, 39, 42, 0x0000000000000001
2026/09/25 02:24:31.488, 240, 405, 29.70, 39, 42, 0x0000000000000001
2026/09/25 02:24:31.796, 225, 405, 29.50, 39, 41, 0x0000000000000001
2026/09/25 02:24:32.105, 210, 405, 29.70, 39, 43, 0x0000000000000001
2026/09/25 02:24:32.411, 210, 405, 29.70, 39, 43, 0x0000000000000001
2026/09/25 02:24:32.720, 210, 405, 29.83, 39, 39, 0x0000000000000001
2026/09/25 02:24:33.030, 210, 405, 29.83, 39, 39, 0x0000000000000001
2026/09/25 02:24:33.339, 210, 405, 29.75, 39, 42, 0x0000000000000001
2026/09/25 02:24:33.647, 210, 405, 29.65, 39, 43, 0x0000000000000001
2026/09/25 02:24:33.958, 210, 405, 29.65, 39, 43, 0x0000000000000001
2026/09/25 02:24:34.279, 210, 405, 29.39, 39, 41, 0x0000000000000001
2026/09/25 02:24:34.591, 210, 405, 29.45, 39, 35, 0x0000000000000001
2026/09/25 02:24:34.919, 210, 405, 29.45, 39, 35, 0x0000000000000001
2026/09/25 02:24:35.229, 210, 405, 29.70, 39, 46, 0x0000000000000001
2026/09/25 02:24:35.538, 210, 405, 29.70, 39, 46, 0x0000000000000001
2026/09/25 02:24:35.861, 210, 405, 29.70, 39, 42, 0x0000000000000001
2026/09/25 02:24:36.183, 210, 405, 29.83, 39, 41, 0x0000000000000001
2026/09/25 02:24:36.491, 210, 405, 29.83, 39, 41, 0x0000000000000001
2026/09/25 02:24:36.800, 210, 405, 29.86, 39, 40, 0x0000000000000001
2026/09/25 02:24:37.123, 210, 405, 29.86, 39, 40, 0x0000000000000001
2026/09/25 02:24:37.463, 210, 405, 29.86, 39, 40, 0x0000000000000001
2026/09/25 02:24:37.772, 210, 405, 29.73, 39, 42, 0x0000000000000001
2026/09/25 02:24:38.081, 210, 405, 29.64, 39, 45, 0x0000000000000001
2026/09/25 02:24:38.391, 210, 405, 29.64, 39, 45, 0x0000000000000001
2026/09/25 02:24:38.699, 210, 405, 29.75, 39, 42, 0x0000000000000001
2026/09/25 02:24:39.008, 210, 405, 29.75, 39, 42, 0x0000000000000001
2026/09/25 02:24:39.318, 210, 405, 29.73, 39, 38, 0x0000000000000001
2026/09/25 02:24:39.639, 210, 405, 29.98, 39, 41, 0x0000000000000001
2026/09/25 02:24:39.964, 210, 405, 29.98, 39, 41, 0x0000000000000001
2026/09/25 02:24:40.273, 210, 405, 30.00, 39, 42, 0x0000000000000001
2026/09/25 02:24:40.594, 210, 405, 29.91, 39, 41, 0x0000000000000001
2026/09/25 02:24:40.931, 210, 405, 29.91, 39, 41, 0x0000000000000001
2026/09/25 02:24:41.253, 210, 405, 29.57, 39, 41, 0x0000000000000001
2026/09/25 02:24:41.563, 210, 405, 29.36, 39, 45, 0x0000000000000001
2026/09/25 02:24:41.890, 210, 405, 29.36, 39, 45, 0x0000000000000001
2026/09/25 02:24:42.215, 210, 405, 29.49, 39, 45, 0x0000000000000001
2026/09/25 02:24:42.537, 210, 405, 29.49, 39, 45, 0x0000000000000001
2026/09/25 02:24:42.856, 210, 405, 29.86, 39, 43, 0x0000000000000001
2026/09/25 02:24:43.178, 210, 405, 29.71, 39, 47, 0x0000000000000001
2026/09/25 02:24:43.533, 210, 405, 29.71, 39, 47, 0x0000000000000001
2026/09/25 02:24:43.841, 210, 405, 29.39, 39, 38, 0x0000000000000001
2026/09/25 02:24:44.164, 210, 405, 29.10, 39, 44, 0x0000000000000001
2026/09/25 02:24:44.473, 210, 405, 29.10, 39, 44, 0x0000000000000001
2026/09/25 02:24:44.798, 210, 405, 29.09, 39, 48, 0x0000000000000001
2026/09/25 02:24:45.106, 210, 405, 29.27, 39, 43, 0x0000000000000001
2026/09/25 02:24:45.429, 210, 405, 29.27, 39, 43, 0x0000000000000001
2026/09/25 02:24:45.739, 210, 405, 29.61, 39, 36, 0x0000000000000001
2026/09/25 02:24:46.049, 210, 405, 29.43, 39, 43, 0x0000000000000001
2026/09/25 02:24:46.360, 210, 405, 29.43, 39, 43, 0x0000000000000001
2026/09/25 02:24:46.699, 240, 405, 29.32, 39, 53, 0x0000000000000001
2026/09/25 02:24:47.008, 240, 405, 29.32, 39, 53, 0x0000000000000001
2026/09/25 02:24:47.330, 300, 405, 29.72, 39, 25, 0x0000000000000001
2026/09/25 02:24:47.641, 300, 405, 29.01, 39, 13, 0x0000000000000001
2026/09/25 02:24:47.950, 300, 405, 29.01, 39, 13, 0x0000000000000001
2026/09/25 02:24:48.259, 315, 405, 28.64, 39, 30, 0x0000000000000001
2026/09/25 02:24:48.569, 315, 405, 29.21, 39, 26, 0x0000000000000001
2026/09/25 02:24:48.893, 315, 405, 29.21, 39, 26, 0x0000000000000001
2026/09/25 02:24:49.201, 315, 405, 29.17, 39, 40, 0x0000000000000001
2026/09/25 02:24:49.511, 315, 405, 29.17, 39, 40, 0x0000000000000001
2026/09/25 02:24:49.821, 240, 405, 29.02, 39, 33, 0x0000000000000001
2026/09/25 02:24:50.143, 225, 405, 29.57, 39, 44, 0x0000000000000001
2026/09/25 02:24:50.451, 225, 405, 29.57, 39, 44, 0x0000000000000001
2026/09/25 02:24:50.772, 210, 405, 29.81, 39, 40, 0x0000000000000001
2026/09/25 02:24:51.080, 210, 405, 29.31, 39, 32, 0x0000000000000001
2026/09/25 02:24:51.389, 210, 405, 29.31, 39, 32, 0x0000000000000001
2026/09/25 02:24:51.711, 210, 405, 29.20, 39, 42, 0x0000000000000001
2026/09/25 02:24:52.020, 210, 405, 29.20, 39, 42, 0x0000000000000001
2026/09/25 02:24:52.330, 210, 405, 29.36, 39, 45, 0x0000000000000001
2026/09/25 02:24:52.641, 210, 405, 29.37, 39, 44, 0x0000000000000001
2026/09/25 02:24:52.953, 210, 405, 29.37, 39, 44, 0x0000000000000001
2026/09/25 02:24:53.260, 210, 405, 29.18, 39, 47, 0x0000000000000001
2026/09/25 02:24:53.569, 210, 405, 29.06, 39, 39, 0x0000000000000001
2026/09/25 02:24:53.891, 210, 405, 29.06, 39, 39, 0x0000000000000001
2026/09/25 02:24:54.201, 210, 405, 28.88, 39, 41, 0x0000000000000001
2026/09/25 02:24:54.509, 210, 405, 28.88, 39, 41, 0x0000000000000001
2026/09/25 02:24:54.821, 210, 405, 28.72, 39, 39, 0x0000000000000001
2026/09/25 02:24:55.132, 210, 405, 28.83, 39, 34, 0x0000000000000001
2026/09/25 02:24:55.440, 210, 405, 28.83, 39, 34, 0x0000000000000001
2026/09/25 02:24:55.749, 210, 405, 29.15, 39, 42, 0x0000000000000001
2026/09/25 02:24:56.057, 210, 405, 29.18, 39, 40, 0x0000000000000001
2026/09/25 02:24:56.368, 210, 405, 29.18, 39, 40, 0x0000000000000001
2026/09/25 02:24:56.674, 210, 405, 29.26, 39, 53, 0x0000000000000001
2026/09/25 02:24:56.986, 210, 405, 29.26, 39, 53, 0x0000000000000001
2026/09/25 02:24:57.295, 210, 405, 29.18, 39, 36, 0x0000000000000001
2026/09/25 02:24:57.603, 210, 405, 28.96, 39, 39, 0x0000000000000001
2026/09/25 02:24:57.914, 210, 405, 28.96, 39, 39, 0x0000000000000001
2026/09/25 02:24:58.226, 210, 405, 29.41, 39, 41, 0x0000000000000001
2026/09/25 02:24:58.541, 210, 405, 29.68, 39, 44, 0x0000000000000001
2026/09/25 02:24:58.860, 210, 405, 29.68, 39, 44, 0x0000000000000001
2026/09/25 02:24:59.169, 210, 405, 29.62, 39, 38, 0x0000000000000001
2026/09/25 02:24:59.479, 210, 405, 29.62, 39, 38, 0x0000000000000001
2026/09/25 02:24:59.786, 210, 405, 29.54, 39, 43, 0x0000000000000001
2026/09/25 02:25:00.107, 210, 405, 29.31, 39, 40, 0x0000000000000001
2026/09/25 02:25:00.428, 210, 405, 29.31, 39, 40, 0x0000000000000001
2026/09/25 02:25:00.741, 210, 405, 29.33, 39, 42, 0x0000000000000001
2026/09/25 02:25:01.063, 210, 405, 29.40, 39, 35, 0x0000000000000001
2026/09/25 02:25:01.386, 210, 405, 29.40, 39, 35, 0x0000000000000001
2026/09/25 02:25:01.694, 210, 405, 29.54, 39, 43, 0x0000000000000001
2026/09/25 02:25:02.017, 210, 405, 29.54, 39, 43, 0x0000000000000001
2026/09/25 02:25:02.339, 210, 405, 29.78, 39, 42, 0x0000000000000001
2026/09/25 02:25:02.660, 210, 405, 30.14, 39, 45, 0x0000000000000001
2026/09/25 02:25:02.967, 210, 405, 30.14, 39, 45, 0x0000000000000001
2026/09/25 02:25:03.279, 210, 405, 30.22, 39, 42, 0x0000000000000001
2026/09/25 02:25:03.589, 210, 405, 30.05, 39, 40, 0x0000000000000001
2026/09/25 02:25:03.901, 210, 405, 30.05, 39, 40, 0x0000000000000001
2026/09/25 02:25:04.213, 210, 405, 29.81, 39, 41, 0x0000000000000001
2026/09/25 02:25:04.536, 210, 405, 29.81, 39, 41, 0x0000000000000001
2026/09/25 02:25:04.845, 210, 405, 29.77, 39, 46, 0x0000000000000001
2026/09/25 02:25:05.184, 210, 405, 29.63, 39, 41, 0x0000000000000001
2026/09/25 02:25:05.494, 210, 405, 29.63, 39, 41, 0x0000000000000001
2026/09/25 02:25:05.817, 210, 405, 29.52, 39, 40, 0x0000000000000001
2026/09/25 02:25:06.125, 210, 405, 29.54, 39, 40, 0x0000000000000001
2026/09/25 02:25:06.435, 210, 405, 29.54, 39, 40, 0x0000000000000001
2026/09/25 02:25:06.746, 210, 405, 29.49, 39, 45, 0x0000000000000001
2026/09/25 02:25:07.055, 210, 405, 29.53, 39, 39, 0x0000000000000001
2026/09/25 02:25:07.366, 210, 405, 29.53, 39, 39, 0x0000000000000001
2026/09/25 02:25:07.675, 210, 405, 29.50, 39, 34, 0x0000000000000001
2026/09/25 02:25:07.985, 210, 405, 29.50, 39, 34, 0x0000000000000001
2026/09/25 02:25:08.309, 210, 405, 29.53, 39, 36, 0x0000000000000001
2026/09/25 02:25:08.630, 210, 405, 29.59, 39, 40, 0x0000000000000001
2026/09/25 02:25:08.954, 210, 405, 29.59, 39, 40, 0x0000000000000001
2026/09/25 02:25:09.281, 210, 405, 29.82, 39, 40, 0x0000000000000001
2026/09/25 02:25:09.589, 210, 405, 29.84, 39, 44, 0x0000000000000001
2026/09/25 02:25:09.899, 210, 405, 29.84, 39, 44, 0x0000000000000001
2026/09/25 02:25:10.207, 210, 405, 29.96, 39, 41, 0x0000000000000001
2026/09/25 02:25:10.519, 210, 405, 29.96, 39, 41, 0x0000000000000001
2026/09/25 02:25:10.829, 210, 405, 30.26, 39, 45, 0x0000000000000001
2026/09/25 02:25:11.139, 210, 405, 30.33, 39, 41, 0x0000000000000001
2026/09/25 02:25:11.448, 210, 405, 30.33, 39, 41, 0x0000000000000001
2026/09/25 02:25:11.755, 210, 405, 30.34, 39, 41, 0x0000000000000001
2026/09/25 02:25:12.067, 210, 405, 30.30, 39, 41, 0x0000000000000001
2026/09/25 02:25:12.377, 210, 405, 30.30, 39, 41, 0x0000000000000001
2026/09/25 02:25:12.689, 210, 405, 30.02, 39, 45, 0x0000000000000001
2026/09/25 02:25:12.999, 210, 405, 30.02, 39, 45, 0x0000000000000001
2026/09/25 02:25:13.321, 210, 405, 29.92, 39, 37, 0x0000000000000001
2026/09/25 02:25:13.642, 210, 405, 29.96, 39, 39, 0x0000000000000001
2026/09/25 02:25:13.964, 210, 405, 29.96, 39, 39, 0x0000000000000001
2026/09/25 02:25:14.287, 210, 405, 29.92, 39, 35, 0x0000000000000001
2026/09/25 02:25:14.630, 210, 405, 29.92, 39, 40, 0x0000000000000001
2026/09/25 02:25:14.939, 210, 405, 29.92, 39, 40, 0x0000000000000001
2026/09/25 02:25:15.264, 210, 405, 30.07, 39, 42, 0x0000000000000001
2026/09/25 02:25:15.585, 210, 405, 30.07, 39, 41, 0x0000000000000001
2026/09/25 02:25:15.908, 210, 405, 30.07, 39, 41, 0x0000000000000001
2026/09/25 02:25:16.234, 210, 405, 30.07, 39, 36, 0x0000000000000001
2026/09/25 02:25:16.546, 210, 405, 29.97, 39, 43, 0x0000000000000001
2026/09/25 02:25:16.855, 210, 405, 29.97, 39, 43, 0x0000000000000001
2026/09/25 02:25:17.179, 210, 405, 30.18, 39, 38, 0x0000000000000001
2026/09/25 02:25:17.502, 210, 405, 30.18, 39, 38, 0x0000000000000001
2026/09/25 02:25:17.841, 210, 405, 30.16, 39, 37, 0x0000000000000001
2026/09/25 02:25:18.165, 210, 405, 30.04, 39, 41, 0x0000000000000001
2026/09/25 02:25:18.489, 210, 405, 30.04, 39, 41, 0x0000000000000001
2026/09/25 02:25:18.801, 210, 405, 29.87, 39, 40, 0x0000000000000001
2026/09/25 02:25:19.109, 210, 405, 29.64, 39, 38, 0x0000000000000001
2026/09/25 02:25:19.416, 210, 405, 29.64, 39, 38, 0x0000000000000001
2026/09/25 02:25:19.725, 210, 405, 29.63, 39, 44, 0x0000000000000001
2026/09/25 02:25:20.034, 210, 405, 29.63, 39, 44, 0x0000000000000001
2026/09/25 02:25:20.344, 210, 405, 29.61, 39, 38, 0x0000000000000001
2026/09/25 02:25:20.653, 210, 405, 29.49, 39, 33, 0x0000000000000001
2026/09/25 02:25:20.976, 210, 405, 29.49, 39, 33, 0x0000000000000001
2026/09/25 02:25:21.287, 210, 405, 29.47, 39, 45, 0x0000000000000001
2026/09/25 02:25:21.597, 210, 405, 29.73, 39, 36, 0x0000000000000001
2026/09/25 02:25:21.920, 210, 405, 29.73, 39, 36, 0x0000000000000001
2026/09/25 02:25:22.258, 210, 405, 29.83, 39, 39, 0x0000000000000001
2026/09/25 02:25:22.570, 210, 405, 29.77, 39, 41, 0x0000000000000001
2026/09/25 02:25:22.891, 210, 405, 29.77, 39, 41, 0x0000000000000001
2026/09/25 02:25:23.200, 210, 405, 29.81, 39, 50, 0x0000000000000001
2026/09/25 02:25:23.507, 210, 405, 29.81, 39, 50, 0x0000000000000001
2026/09/25 02:25:23.816, 210, 405, 29.79, 39, 41, 0x0000000000000001
2026/09/25 02:25:24.137, 210, 405, 29.80, 39, 45, 0x0000000000000001
2026/09/25 02:25:24.446, 210, 405, 29.80, 39, 45, 0x0000000000000001
2026/09/25 02:25:24.769, 210, 405, 29.66, 39, 41, 0x0000000000000001
2026/09/25 02:25:25.078, 210, 405, 29.53, 39, 37, 0x0000000000000001
2026/09/25 02:25:25.388, 210, 405, 29.53, 39, 37, 0x0000000000000001
2026/09/25 02:25:25.696, 210, 405, 29.56, 39, 41, 0x0000000000000001
2026/09/25 02:25:26.018, 210, 405, 29.56, 39, 41, 0x0000000000000001
2026/09/25 02:25:26.327, 210, 405, 29.63, 39, 44, 0x0000000000000001
2026/09/25 02:25:26.649, 210, 405, 29.43, 39, 36, 0x0000000000000001
2026/09/25 02:25:26.971, 210, 405, 29.43, 39, 36, 0x0000000000000001
2026/09/25 02:25:27.281, 210, 405, 29.39, 39, 40, 0x0000000000000001
2026/09/25 02:25:27.604, 210, 405, 29.01, 39, 41, 0x0000000000000001
2026/09/25 02:25:27.924, 210, 405, 29.01, 39, 41, 0x0000000000000001
2026/09/25 02:25:28.235, 210, 405, 29.14, 39, 39, 0x0000000000000001
2026/09/25 02:25:28.558, 210, 405, 29.28, 39, 40, 0x0000000000000001
2026/09/25 02:25:28.867, 210, 405, 29.28, 39, 40, 0x0000000000000001
2026/09/25 02:25:29.177, 210, 405, 29.37, 39, 41, 0x0000000000000001
2026/09/25 02:25:29.485, 210, 405, 29.37, 39, 41, 0x0000000000000001
2026/09/25 02:25:29.794, 210, 405, 29.31, 39, 39, 0x0000000000000001
2026/09/25 02:25:30.115, 210, 405, 29.23, 39, 44, 0x0000000000000001
2026/09/25 02:25:30.424, 210, 405, 29.23, 39, 44, 0x0000000000000001
2026/09/25 02:25:30.731, 210, 405, 29.26, 39, 38, 0x0000000000000001
2026/09/25 02:25:31.038, 210, 405, 29.26, 39, 38, 0x0000000000000001
2026/09/25 02:25:31.361, 210, 405, 29.30, 39, 40, 0x0000000000000001
2026/09/25 02:25:31.670, 210, 405, 29.21, 39, 36, 0x0000000000000001
2026/09/25 02:25:31.979, 210, 405, 29.21, 39, 36, 0x0000000000000001
2026/09/25 02:25:32.287, 210, 405, 29.48, 39, 44, 0x0000000000000001
2026/09/25 02:25:32.595, 210, 405, 29.61, 39, 41, 0x0000000000000001
2026/09/25 02:25:32.902, 210, 405, 29.61, 39, 41, 0x0000000000000001
2026/09/25 02:25:33.209, 210, 405, 29.67, 39, 40, 0x0000000000000001
2026/09/25 02:25:33.532, 210, 405, 29.67, 39, 40, 0x0000000000000001
2026/09/25 02:25:33.841, 210, 405, 29.74, 39, 35, 0x0000000000000001
2026/09/25 02:25:34.149, 210, 405, 29.69, 39, 40, 0x0000000000000001
2026/09/25 02:25:34.458, 210, 405, 29.69, 39, 40, 0x0000000000000001
2026/09/25 02:25:34.780, 210, 405, 29.47, 39, 39, 0x0000000000000001
2026/09/25 02:25:35.088, 210, 405, 29.40, 39, 33, 0x0000000000000001
2026/09/25 02:25:35.396, 210, 405, 29.40, 39, 33, 0x0000000000000001
2026/09/25 02:25:35.721, 210, 405, 29.19, 39, 39, 0x0000000000000001
2026/09/25 02:25:36.042, 210, 405, 29.19, 39, 39, 0x0000000000000001
2026/09/25 02:25:36.365, 210, 405, 29.20, 39, 41, 0x0000000000000001
2026/09/25 02:25:36.673, 210, 405, 29.51, 39, 43, 0x0000000000000001
2026/09/25 02:25:36.981, 210, 405, 29.51, 39, 43, 0x0000000000000001
2026/09/25 02:25:37.292, 210, 405, 29.77, 39, 39, 0x0000000000000001
2026/09/25 02:25:37.614, 210, 405, 29.78, 39, 44, 0x0000000000000001
2026/09/25 02:25:37.923, 210, 405, 29.78, 39, 44, 0x0000000000000001
2026/09/25 02:25:38.228, 210, 405, 29.83, 39, 47, 0x0000000000000001
2026/09/25 02:25:38.537, 210, 405, 29.83, 39, 47, 0x0000000000000001
2026/09/25 02:25:38.845, 210, 405, 29.76, 39, 34, 0x0000000000000001
2026/09/25 02:25:39.153, 210, 405, 29.95, 39, 40, 0x0000000000000001
2026/09/25 02:25:39.460, 210, 405, 29.95, 39, 40, 0x0000000000000001
2026/09/25 02:25:39.768, 210, 405, 30.14, 39, 37, 0x0000000000000001
2026/09/25 02:25:40.089, 210, 405, 30.08, 39, 41, 0x0000000000000001
2026/09/25 02:25:40.410, 210, 405, 30.08, 39, 41, 0x0000000000000001
2026/09/25 02:25:40.718, 210, 405, 29.88, 39, 43, 0x0000000000000001
2026/09/25 02:25:41.026, 210, 405, 29.88, 39, 43, 0x0000000000000001
2026/09/25 02:25:41.334, 210, 405, 29.66, 39, 37, 0x0000000000000001
2026/09/25 02:25:41.645, 210, 405, 29.44, 39, 39, 0x0000000000000001
2026/09/25 02:25:41.967, 210, 405, 29.44, 39, 39, 0x0000000000000001
2026/09/25 02:25:42.274, 210, 405, 29.39, 39, 41, 0x0000000000000001
2026/09/25 02:25:42.613, 210, 405, 29.52, 39, 34, 0x0000000000000001
2026/09/25 02:25:42.926, 210, 405, 29.52, 39, 34, 0x0000000000000001
2026/09/25 02:25:43.236, 210, 405, 29.78, 39, 45, 0x0000000000000001
2026/09/25 02:25:43.544, 210, 405, 29.78, 39, 45, 0x0000000000000001
2026/09/25 02:25:43.867, 210, 405, 29.67, 39, 38, 0x0000000000000001
2026/09/25 02:25:44.175, 210, 405, 29.51, 39, 46, 0x0000000000000001
2026/09/25 02:25:44.484, 210, 405, 29.51, 39, 46, 0x0000000000000001
2026/09/25 02:25:44.794, 210, 405, 29.32, 39, 40, 0x0000000000000001
2026/09/25 02:25:45.101, 210, 405, 29.18, 39, 38, 0x0000000000000001
2026/09/25 02:25:45.411, 210, 405, 29.18, 39, 38, 0x0000000000000001
2026/09/25 02:25:45.718, 210, 405, 28.99, 39, 37, 0x0000000000000001
2026/09/25 02:25:46.027, 210, 405, 28.99, 39, 37, 0x0000000000000001
2026/09/25 02:25:46.338, 210, 405, 28.94, 39, 40, 0x0000000000000001
2026/09/25 02:25:46.661, 210, 405, 28.90, 39, 37, 0x0000000000000001
2026/09/25 02:25:46.970, 210, 405, 28.90, 39, 37, 0x0000000000000001
2026/09/25 02:25:47.280, 210, 405, 28.87, 39, 44, 0x0000000000000001
2026/09/25 02:25:47.589, 210, 405, 28.96, 39, 41, 0x0000000000000001
2026/09/25 02:25:47.902, 210, 405, 28.96, 39, 41, 0x0000000000000001
2026/09/25 02:25:48.212, 210, 405, 29.01, 39, 38, 0x0000000000000001
2026/09/25 02:25:48.522, 210, 405, 29.01, 39, 38, 0x0000000000000001
2026/09/25 02:25:48.845, 210, 405, 28.81, 39, 37, 0x0000000000000001
2026/09/25 02:25:49.155, 210, 405, 29.22, 39, 43, 0x0000000000000001
2026/09/25 02:25:49.481, 210, 405, 29.22, 39, 43, 0x0000000000000001
2026/09/25 02:25:49.802, 210, 405, 29.58, 39, 38, 0x0000000000000001
2026/09/25 02:25:50.142, 210, 405, 29.70, 39, 42, 0x0000000000000001
2026/09/25 02:25:50.530, 210, 405, 29.70, 39, 42, 0x0000000000000001
2026/09/25 02:25:50.850, 210, 405, 29.86, 39, 46, 0x0000000000000001
2026/09/25 02:25:51.162, 210, 405, 29.82, 39, 42, 0x0000000000000001
2026/09/25 02:25:51.471, 210, 405, 29.82, 39, 42, 0x0000000000000001
2026/09/25 02:25:51.795, 210, 405, 29.69, 39, 29, 0x0000000000000001
2026/09/25 02:25:52.118, 210, 405, 29.61, 39, 41, 0x0000000000000001
2026/09/25 02:25:52.440, 210, 405, 29.61, 39, 41, 0x0000000000000001
2026/09/25 02:25:52.749, 210, 405, 29.72, 39, 41, 0x0000000000000001
2026/09/25 02:25:53.072, 210, 405, 29.84, 39, 38, 0x0000000000000001
2026/09/25 02:25:53.382, 210, 405, 29.84, 39, 38, 0x0000000000000001
2026/09/25 02:25:53.705, 210, 405, 29.88, 39, 42, 0x0000000000000001
2026/09/25 02:25:54.033, 210, 405, 29.88, 39, 42, 0x0000000000000001
2026/09/25 02:25:54.344, 210, 405, 29.92, 39, 41, 0x0000000000000001
2026/09/25 02:25:54.656, 210, 405, 30.09, 39, 43, 0x0000000000000001
2026/09/25 02:25:54.965, 210, 405, 30.09, 39, 43, 0x0000000000000001
2026/09/25 02:25:55.278, 210, 405, 29.71, 39, 27, 0x0000000000000001
2026/09/25 02:25:55.587, 210, 405, 29.60, 39, 40, 0x0000000000000001
2026/09/25 02:25:55.896, 210, 405, 29.60, 39, 40, 0x0000000000000001
2026/09/25 02:25:56.218, 210, 405, 29.56, 39, 39, 0x0000000000000001
2026/09/25 02:25:56.525, 210, 405, 29.56, 39, 39, 0x0000000000000001
2026/09/25 02:25:56.835, 210, 405, 29.55, 39, 40, 0x0000000000000001
2026/09/25 02:25:57.144, 210, 405, 29.88, 39, 40, 0x0000000000000001
2026/09/25 02:25:57.454, 210, 405, 29.88, 39, 40, 0x0000000000000001
2026/09/25 02:25:57.762, 210, 405, 30.09, 39, 40, 0x0000000000000001
2026/09/25 02:25:58.071, 210, 405, 29.87, 39, 49, 0x0000000000000001
2026/09/25 02:25:58.380, 210, 405, 29.87, 39, 49, 0x0000000000000001
2026/09/25 02:25:58.688, 210, 405, 29.60, 39, 42, 0x0000000000000001
2026/09/25 02:25:58.996, 210, 405, 29.60, 39, 42, 0x0000000000000001
2026/09/25 02:25:59.304, 210, 405, 29.62, 39, 42, 0x0000000000000001
2026/09/25 02:25:59.612, 210, 405, 29.61, 39, 39, 0x0000000000000001
2026/09/25 02:25:59.936, 210, 405, 29.61, 39, 39, 0x0000000000000001
2026/09/25 02:26:00.246, 210, 405, 29.72, 39, 39, 0x0000000000000001
2026/09/25 02:26:00.552, 210, 405, 29.62, 39, 42, 0x0000000000000001
2026/09/25 02:26:00.891, 210, 405, 29.62, 39, 42, 0x0000000000000001
2026/09/25 02:26:01.199, 210, 405, 29.73, 39, 41, 0x0000000000000001
2026/09/25 02:26:01.508, 210, 405, 29.73, 39, 41, 0x0000000000000001
2026/09/25 02:26:01.815, 210, 405, 29.71, 39, 31, 0x0000000000000001
2026/09/25 02:26:02.140, 210, 405, 29.71, 39, 43, 0x0000000000000001
2026/09/25 02:26:02.452, 210, 405, 29.71, 39, 43, 0x0000000000000001
2026/09/25 02:26:02.793, 210, 405, 30.25, 39, 39, 0x0000000000000001
2026/09/25 02:26:03.111, 210, 405, 30.21, 39, 45, 0x0000000000000001
2026/09/25 02:26:03.420, 210, 405, 30.21, 39, 45, 0x0000000000000001
2026/09/25 02:26:03.741, 210, 405, 29.94, 39, 35, 0x0000000000000001
2026/09/25 02:26:04.048, 210, 405, 29.94, 39, 45, 0x0000000000000001
2026/09/25 02:26:04.356, 210, 405, 29.86, 39, 45, 0x0000000000000001
2026/09/25 02:26:04.665, 210, 405, 29.60, 39, 39, 0x0000000000000001
2026/09/25 02:26:04.986, 210, 405, 29.60, 39, 39, 0x0000000000000001
2026/09/25 02:26:05.294, 210, 405, 29.48, 39, 38, 0x0000000000000001
2026/09/25 02:26:05.613, 210, 405, 29.44, 39, 38, 0x0000000000000001
2026/09/25 02:26:05.936, 210, 405, 29.44, 39, 38, 0x0000000000000001
2026/09/25 02:26:06.243, 210, 405, 29.54, 39, 39, 0x0000000000000001
2026/09/25 02:26:06.567, 210, 405, 29.43, 39, 40, 0x0000000000000001
2026/09/25 02:26:06.877, 210, 405, 29.43, 39, 40, 0x0000000000000001
2026/09/25 02:26:07.200, 210, 405, 29.56, 39, 41, 0x0000000000000001
2026/09/25 02:26:07.522, 210, 405, 29.56, 39, 41, 0x0000000000000001
2026/09/25 02:26:07.841, 210, 405, 29.42, 39, 42, 0x0000000000000001
2026/09/25 02:26:08.162, 210, 405, 29.25, 39, 42, 0x0000000000000001
2026/09/25 02:26:08.473, 210, 405, 29.25, 39, 42, 0x0000000000000001
2026/09/25 02:26:08.778, 210, 405, 29.02, 39, 41, 0x0000000000000001
2026/09/25 02:26:09.086, 210, 405, 29.01, 39, 36, 0x0000000000000001
2026/09/25 02:26:09.394, 210, 405, 29.01, 39, 36, 0x0000000000000001
2026/09/25 02:26:09.700, 210, 405, 29.42, 39, 40, 0x0000000000000001
2026/09/25 02:26:10.008, 210, 405, 29.42, 39, 40, 0x0000000000000001
2026/09/25 02:26:10.329, 210, 405, 29.44, 39, 40, 0x0000000000000001
2026/09/25 02:26:10.637, 210, 405, 29.36, 39, 43, 0x0000000000000001
2026/09/25 02:26:10.948, 210, 405, 29.36, 39, 43, 0x0000000000000001
2026/09/25 02:26:11.268, 210, 405, 29.39, 39, 38, 0x0000000000000001
2026/09/25 02:26:11.575, 210, 405, 29.65, 39, 43, 0x0000000000000001
2026/09/25 02:26:11.896, 210, 405, 29.65, 39, 43, 0x0000000000000001
2026/09/25 02:26:12.205, 210, 405, 29.81, 39, 38, 0x0000000000000001
2026/09/25 02:26:12.545, 210, 405, 29.81, 39, 38, 0x0000000000000001
2026/09/25 02:26:12.867, 300, 405, 30.30, 39, 57, 0x0000000000000001
2026/09/25 02:26:13.203, 345, 405, 29.94, 39, 17, 0x0000000000000001
2026/09/25 02:26:13.525, 345, 405, 29.94, 39, 17, 0x0000000000000001
2026/09/25 02:26:13.844, 330, 405, 29.48, 40, 43, 0x0000000000000001
2026/09/25 02:26:14.165, 345, 405, 29.61, 40, 28, 0x0000000000000001
2026/09/25 02:26:14.474, 345, 405, 29.61, 40, 28, 0x0000000000000001
2026/09/25 02:26:14.782, 345, 405, 29.57, 39, 26, 0x0000000000000001
2026/09/25 02:26:15.101, 345, 405, 28.64, 39, 29, 0x0000000000000001
2026/09/25 02:26:15.423, 345, 405, 28.64, 39, 29, 0x0000000000000001
2026/09/25 02:26:15.733, 240, 405, 28.82, 39, 39, 0x0000000000000001
2026/09/25 02:26:16.039, 240, 405, 28.82, 39, 39, 0x0000000000000001
2026/09/25 02:26:16.362, 225, 405, 29.19, 39, 30, 0x0000000000000001
2026/09/25 02:26:16.669, 210, 405, 29.25, 39, 38, 0x0000000000000001
2026/09/25 02:26:16.976, 210, 405, 29.25, 39, 38, 0x0000000000000001
2026/09/25 02:26:17.283, 210, 405, 29.25, 39, 35, 0x0000000000000001
2026/09/25 02:26:17.605, 210, 405, 29.32, 39, 37, 0x0000000000000001
2026/09/25 02:26:17.915, 210, 405, 29.32, 39, 37, 0x0000000000000001
2026/09/25 02:26:18.237, 210, 405, 28.99, 39, 26, 0x0000000000000001
2026/09/25 02:26:18.544, 210, 405, 28.99, 39, 26, 0x0000000000000001
2026/09/25 02:26:18.866, 210, 405, 28.88, 39, 47, 0x0000000000000001
2026/09/25 02:26:19.189, 210, 405, 28.87, 39, 33, 0x0000000000000001
2026/09/25 02:26:19.498, 210, 405, 28.87, 39, 33, 0x0000000000000001
2026/09/25 02:26:19.807, 210, 405, 28.84, 39, 38, 0x0000000000000001
2026/09/25 02:26:20.128, 210, 405, 28.64, 39, 31, 0x0000000000000001
2026/09/25 02:26:20.449, 210, 405, 28.64, 39, 31, 0x0000000000000001
2026/09/25 02:26:20.759, 210, 405, 28.61, 39, 36, 0x0000000000000001
2026/09/25 02:26:21.067, 210, 405, 28.61, 39, 33, 0x0000000000000001
2026/09/25 02:26:21.391, 210, 405, 28.61, 39, 33, 0x0000000000000001
2026/09/25 02:26:21.700, 210, 405, 28.71, 39, 27, 0x0000000000000001
2026/09/25 02:26:22.007, 210, 405, 28.71, 39, 27, 0x0000000000000001
2026/09/25 02:26:22.329, 210, 405, 28.69, 39, 32, 0x0000000000000001
2026/09/25 02:26:22.680, 210, 405, 28.69, 39, 35, 0x0000000000000001
2026/09/25 02:26:22.989, 210, 405, 28.69, 39, 35, 0x0000000000000001
2026/09/25 02:26:23.297, 210, 405, 29.06, 39, 37, 0x0000000000000001
2026/09/25 02:26:23.618, 210, 405, 29.20, 39, 35, 0x0000000000000001
2026/09/25 02:26:23.942, 210, 405, 29.20, 39, 35, 0x0000000000000001
2026/09/25 02:26:24.250, 210, 405, 29.20, 39, 35, 0x0000000000000001
2026/09/25 02:26:24.571, 210, 405, 29.17, 39, 33, 0x0000000000000001
2026/09/25 02:26:24.879, 210, 405, 29.17, 39, 33, 0x0000000000000001
2026/09/25 02:26:25.187, 210, 405, 29.24, 39, 32, 0x0000000000000001
2026/09/25 02:26:25.494, 210, 405, 29.24, 39, 32, 0x0000000000000001
2026/09/25 02:26:25.804, 210, 405, 29.28, 39, 42, 0x0000000000000001
2026/09/25 02:26:26.193, 210, 405, 29.55, 40, 33, 0x0000000000000001
2026/09/25 02:26:26.502, 210, 405, 29.55, 40, 33, 0x0000000000000001
2026/09/25 02:26:26.812, 210, 405, 29.77, 39, 38, 0x0000000000000001
2026/09/25 02:26:27.136, 210, 405, 29.61, 39, 35, 0x0000000000000001
2026/09/25 02:26:27.462, 210, 405, 29.61, 39, 35, 0x0000000000000001
2026/09/25 02:26:27.785, 210, 405, 29.64, 39, 35, 0x0000000000000001
2026/09/25 02:26:28.109, 210, 405, 29.69, 39, 26, 0x0000000000000001
2026/09/25 02:26:28.432, 210, 405, 29.69, 39, 26, 0x0000000000000001
2026/09/25 02:26:28.756, 210, 405, 29.50, 39, 37, 0x0000000000000001
2026/09/25 02:26:29.109, 210, 405, 29.31, 39, 37, 0x0000000000000001
2026/09/25 02:26:29.479, 210, 405, 29.31, 39, 37, 0x0000000000000001
2026/09/25 02:26:29.803, 210, 405, 29.43, 39, 37, 0x0000000000000001
2026/09/25 02:26:30.123, 210, 405, 29.37, 39, 36, 0x0000000000000001
2026/09/25 02:26:30.430, 210, 405, 29.37, 39, 36, 0x0000000000000001
2026/09/25 02:26:30.739, 210, 405, 29.30, 39, 34, 0x0000000000000001
2026/09/25 02:26:31.052, 210, 405, 29.22, 39, 34, 0x0000000000000001
2026/09/25 02:26:31.362, 210, 405, 29.22, 39, 34, 0x0000000000000001
2026/09/25 02:26:31.670, 210, 405, 29.06, 39, 32, 0x0000000000000001
2026/09/25 02:26:31.978, 210, 405, 29.06, 39, 32, 0x0000000000000001
2026/09/25 02:26:32.302, 210, 405, 29.16, 39, 35, 0x0000000000000001
2026/09/25 02:26:32.612, 210, 405, 29.19, 39, 35, 0x0000000000000001
2026/09/25 02:26:32.935, 210, 405, 29.19, 39, 35, 0x0000000000000001
2026/09/25 02:26:33.244, 210, 405, 29.26, 39, 35, 0x0000000000000001
2026/09/25 02:26:33.552, 210, 405, 29.26, 39, 41, 0x0000000000000001
2026/09/25 02:26:33.876, 210, 405, 29.39, 39, 41, 0x0000000000000001
2026/09/25 02:26:34.185, 210, 405, 29.43, 39, 31, 0x0000000000000001
2026/09/25 02:26:34.494, 210, 405, 29.43, 39, 31, 0x0000000000000001
2026/09/25 02:26:34.803, 2565, 11201, 36.29, 40, 5, 0x0000000000000001
2026/09/25 02:26:35.115, 2565, 11201, 47.40, 41, 6, 0x0000000000000001
2026/09/25 02:26:35.425, 2565, 11201, 47.40, 41, 6, 0x0000000000000001
2026/09/25 02:26:35.734, 2565, 11201, 54.06, 41, 6, 0x0000000000000001
2026/09/25 02:26:36.055, 2565, 11201, 54.08, 41, 6, 0x0000000000000001
2026/09/25 02:26:36.375, 2565, 11201, 54.08, 41, 6, 0x0000000000000001
2026/09/25 02:26:36.696, 2820, 11201, 78.07, 51, 98, 0x0000000000000000
2026/09/25 02:26:37.019, 2820, 11201, 78.07, 51, 98, 0x0000000000000000
2026/09/25 02:26:37.326, 2805, 11201, 164.55, 58, 98, 0x0000000000000000
2026/09/25 02:26:37.646, 2805, 11201, 244.17, 60, 98, 0x0000000000000000
2026/09/25 02:26:38.001, 2805, 11201, 244.17, 60, 98, 0x0000000000000000
