C:\Users\USER\UnravelNext-refl\build\all\bin\unx_gate_shadow_renderergate.exe --scene C:\Users\USER\UnravelNext-refl\Cache\ReflJudge\scenes\bt_lobby_20261001_1802.unxscene --resolution 1920x1080 --auto-exposure --warmup-frames 0 --frames 180 --path-rotate 90 --motion-start 60 --capture-frames 59,63,75,120,179 --capture-output C:\Users\USER\UnravelNext-refl\Cache\ReflJudge\L\bath_lobby_rot_1080.pfm --capture-layers final,refl,reflmode --set reflection.lumen=true
cluster builder: mesh 2 - a group's simplification made more clusters than the group had: its cut bound is all 1600 clusters
cluster builder: mesh 3 - a group's simplification made more clusters than the group had: its cut bound is all 2231 clusters
scene C:\Users\USER\UnravelNext-refl\Cache\ReflJudge\scenes\bt_lobby_20261001_1802.unxscene (7bfe882f2c4eb7f8), 8440 instances, 155357 clusters, camera 0 (static)
M textures: occlusion textures are not used (their use is not defined in INTERFACES 8.1 v1)
RayScene: 8439 static + 2 dynamic instances (0 deformed), 8437 mesh BLAS (4660488 tris, 130.3 MB compacted from 334.4 MB), deformed 0 tris / 0 verts (0 above proxy budget), TLAS static 2.4 MB dynamic 0.02 MB, load 278 ms (records and mesh BLAS 270.1, proxies 0.4, deformed setup 2.3, static TLAS and records 4.4, first dynamic build 1.2)
RayScene resident (MB): static BLAS+TLAS 140.7 (BLAS 136.7, TLAS 2.55, descs+scratch 1.47), dynamic AS 0.1 (deformed BLAS 0.0, scratch 0.0, TLAS+scratch+descs 0.03, emitters 0.053), deformed vertices 0.0, records 0.5 (instances, geometries, proxy indices, vertex map, deform jobs)
V: instance hierarchy: 8439 static instances in 38 chunks (64 m cells, <= 256 each), 1 flat instances, 0 skinned (0 joint spheres)
S VSM: 2 sun and 61 local raster requests (128 active local lights; views packed under the list capacity 1048576)
M textures: occlusion textures are not used (their use is not defined in INTERFACES 8.1 v1)
GI cache: 200000 entries, 524288 table slots, 250.8 MB (texels 97.7 MB), finest cell 0.062 m, cell 0.50 deg, 500000 rays = 7812 hemisphere updates per frame
R reflections: 17333 planar reflector planes from 165096 flat mirror triangles (217452 smooth-shaded mirror triangles stay on rays), 13.6 ms
render graph: plan rebuilt (2): passes 1443 -> 1426, resources 915 -> 909; first differing pass 0 'r.as.tlas.sync' (was 's.atmosphere.params'); resource 5 'RT static TLAS' (was 'S ms radiance')
render graph: plan rebuilt (3): passes 1426 -> 1425, resources 909 -> 908; first differing pass 1404 'm.exposure.readback' (was 'm.exposure.meter'); resource 900 'm.glass.jobs' (was 'm.glass.stats')
S shadow overflow: frame 1 needed 1817014 words (3205 tiles over capacity): capacity grows to 4194304 words
render graph: plan rebuilt (4): passes 1425 -> 1425, resources 908 -> 908; first differing pass: none; resource 850 'S shadow overflow' (was 'S shadow overflow': 1048576 -> 20971520 bytes)
render graph: plan rebuilt (5): passes 1425 -> 1428, resources 908 -> 908; first differing pass: none
render graph: plan rebuilt (6): passes 1425 -> 1429, resources 908 -> 912; first differing pass 1422 'm.motion.velocity' (was 'm.upscale.motion'); resource 905 'm.post.hdr' (was 'm.upscale.history (previous)')
render graph: plan rebuilt (7): passes 1429 -> 1432, resources 912 -> 912; first differing pass: none
S VSM: 2 sun and 62 local raster requests (128 active local lights; views packed under the list capacity 1048576)
render graph: plan rebuilt (8): passes 1429 -> 1448, resources 912 -> 924; first differing pass 1283 's.vsm.localraster61.tilemask' (was 's.vsm.pagemax'); resource 816 'v.cull.state' (was 'S VSM search fill')
render graph: plan rebuilt (9): passes 1448 -> 1451, resources 924 -> 924; first differing pass: none
render graph: plan rebuilt (10): passes 1448 -> 1448, resources 924 -> 924; first differing pass: none; resource 862 'S shadow overflow' (was 'S shadow overflow': 16777216 -> 4194304 bytes)
S VSM: 2 sun and 60 local raster requests (124 active local lights; views packed under the list capacity 1048576)
render graph: plan rebuilt (11): passes 1448 -> 1410, resources 924 -> 900; first differing pass 1264 's.vsm.pagemax' (was 's.vsm.localraster60.tilemask'); resource 804 'S VSM search fill' (was 'v.cull.state')
S VSM: 2 sun and 59 local raster requests (122 active local lights; views packed under the list capacity 1048576)
render graph: plan rebuilt (12): passes 1410 -> 1391, resources 900 -> 888; first differing pass 1245 's.vsm.pagemax' (was 's.vsm.localraster59.tilemask'); resource 792 'S VSM search fill' (was 'v.cull.state')
S VSM: 2 sun and 57 local raster requests (118 active local lights; views packed under the list capacity 1048576)
render graph: plan rebuilt (13): passes 1391 -> 1411, resources 888 -> 918; first differing pass 1207 's.vsm.pagemax' (was 's.vsm.localraster57.tilemask'); resource 768 'S VSM search fill' (was 'v.cull.state')
S VSM: 2 sun and 54 local raster requests (113 active local lights; views packed under the list capacity 1048576)
render graph: plan rebuilt (14): passes 1411 -> 1354, resources 918 -> 882; first differing pass 1150 's.vsm.pagemax' (was 's.vsm.localraster54.tilemask'); resource 732 'S VSM search fill' (was 'v.cull.state')
S VSM: 2 sun and 53 local raster requests (111 active local lights; views packed under the list capacity 1048576)
render graph: plan rebuilt (15): passes 1354 -> 1277, resources 882 -> 816; first differing pass 1131 's.vsm.pagemax' (was 's.vsm.localraster53.tilemask'); resource 720 'S VSM search fill' (was 'v.cull.state')
S VSM: 2 sun and 50 local raster requests (104 active local lights; views packed under the list capacity 1048576)
render graph: plan rebuilt (16): passes 1277 -> 1220, resources 816 -> 780; first differing pass 1074 's.vsm.pagemax' (was 's.vsm.localraster50.tilemask'); resource 684 'S VSM search fill' (was 'v.cull.state')
S VSM: 2 sun and 48 local raster requests (99 active local lights; views packed under the list capacity 1048576)
S VSM: 2 sun and 45 local raster requests (94 active local lights; views packed under the list capacity 1048576)
S VSM: 2 sun and 43 local raster requests (90 active local lights; views packed under the list capacity 1048576)
S VSM: 2 sun and 41 local raster requests (86 active local lights; views packed under the list capacity 1048576)
S VSM: 2 sun and 40 local raster requests (82 active local lights; views packed under the list capacity 1048576)
S VSM: 2 sun and 37 local raster requests (76 active local lights; views packed under the list capacity 1048576)
S VSM: 2 sun and 36 local raster requests (75 active local lights; views packed under the list capacity 1048576)
S VSM: 2 sun and 34 local raster requests (71 active local lights; views packed under the list capacity 1048576)
S VSM: 2 sun and 33 local raster requests (69 active local lights; views packed under the list capacity 1048576)
S VSM: 2 sun and 32 local raster requests (66 active local lights; views packed under the list capacity 1048576)
S VSM: 2 sun and 31 local raster requests (63 active local lights; views packed under the list capacity 1048576)
S VSM: 2 sun and 29 local raster requests (60 active local lights; views packed under the list capacity 1048576)
S VSM: 2 sun and 28 local raster requests (57 active local lights; views packed under the list capacity 1048576)
S VSM: 2 sun and 26 local raster requests (54 active local lights; views packed under the list capacity 1048576)
S VSM: 2 sun and 25 local raster requests (52 active local lights; views packed under the list capacity 1048576)
S VSM: 2 sun and 26 local raster requests (53 active local lights; views packed under the list capacity 1048576)
[S C:\Users\USER\UnravelNext-refl\Cache\ReflJudge\scenes\bt_lobby_20261001_1802.unxscene static 1920x1080 1080p] gpu frame median 17.6194 ms, p95 20.1514, p99 21.5850 (n=180) | cpu frame median 13.8229 ms (record 3.0045, submit 0.1222) | SM clock median 2820 MHz (min 2565) | passes 766, barriers 6462 in 731 batches, cross-queue syncs 0, command lists 1, transients 441 (205.4 MB aliased / 3872.1 MB unaliased), replanned frames 32 | quality 2ab1b63fc4679268
[S C:\Users\USER\UnravelNext-refl\Cache\ReflJudge\scenes\bt_lobby_20261001_1802.unxscene static 1920x1080 1080p] outside passes: graphics 1 lists, head 0.0000, tail 0.0000, gap 0.0000 ms (medians)
captured frame index 179 (warm-up 0 frames)
captured final 1920x1080 (after the temporal upscale, frame 59, ev100 4.28) -> C:\Users\USER\UnravelNext-refl\Cache\ReflJudge\L\bath_lobby_rot_1080_f59.pfm
captured refl 1280x720 (internal layer, frame 59, ev100 4.28) -> C:\Users\USER\UnravelNext-refl\Cache\ReflJudge\L\bath_lobby_rot_1080_refl_f59.pfm
captured reflmode 1280x720 (internal layer, frame 59, ev100 4.28) -> C:\Users\USER\UnravelNext-refl\Cache\ReflJudge\L\bath_lobby_rot_1080_reflmode_f59.pfm
captured final 1920x1080 (after the temporal upscale, frame 63, ev100 4.29) -> C:\Users\USER\UnravelNext-refl\Cache\ReflJudge\L\bath_lobby_rot_1080_f63.pfm
captured refl 1280x720 (internal layer, frame 63, ev100 4.29) -> C:\Users\USER\UnravelNext-refl\Cache\ReflJudge\L\bath_lobby_rot_1080_refl_f63.pfm
captured reflmode 1280x720 (internal layer, frame 63, ev100 4.29) -> C:\Users\USER\UnravelNext-refl\Cache\ReflJudge\L\bath_lobby_rot_1080_reflmode_f63.pfm
captured final 1920x1080 (after the temporal upscale, frame 75, ev100 4.31) -> C:\Users\USER\UnravelNext-refl\Cache\ReflJudge\L\bath_lobby_rot_1080_f75.pfm
captured refl 1280x720 (internal layer, frame 75, ev100 4.31) -> C:\Users\USER\UnravelNext-refl\Cache\ReflJudge\L\bath_lobby_rot_1080_refl_f75.pfm
captured reflmode 1280x720 (internal layer, frame 75, ev100 4.31) -> C:\Users\USER\UnravelNext-refl\Cache\ReflJudge\L\bath_lobby_rot_1080_reflmode_f75.pfm
captured final 1920x1080 (after the temporal upscale, frame 120, ev100 4.40) -> C:\Users\USER\UnravelNext-refl\Cache\ReflJudge\L\bath_lobby_rot_1080_f120.pfm
captured refl 1280x720 (internal layer, frame 120, ev100 4.40) -> C:\Users\USER\UnravelNext-refl\Cache\ReflJudge\L\bath_lobby_rot_1080_refl_f120.pfm
captured reflmode 1280x720 (internal layer, frame 120, ev100 4.40) -> C:\Users\USER\UnravelNext-refl\Cache\ReflJudge\L\bath_lobby_rot_1080_reflmode_f120.pfm
captured final 1920x1080 (after the temporal upscale, frame 179, ev100 7.67) -> C:\Users\USER\UnravelNext-refl\Cache\ReflJudge\L\bath_lobby_rot_1080_f179.pfm
captured refl 1280x720 (internal layer, frame 179, ev100 7.67) -> C:\Users\USER\UnravelNext-refl\Cache\ReflJudge\L\bath_lobby_rot_1080_refl_f179.pfm
captured reflmode 1280x720 (internal layer, frame 179, ev100 7.67) -> C:\Users\USER\UnravelNext-refl\Cache\ReflJudge\L\bath_lobby_rot_1080_reflmode_f179.pfm
local shadows: 128 slots assigned, 53 raster-active, 699 shadowed lights without a slot
  s.atmosphere.ms.density          median 20.1414 ms  P95 20.1414 ms
  s.atmosphere.ms.final            median 0.7290 ms  P95 0.7290 ms
  s.atmosphere.ms.irradiance       median 4.7061 ms  P95 4.7061 ms
  s.atmosphere.ms.project          median 29.0569 ms  P95 29.0569 ms
  s.atmosphere.ms.radiance         median 212.8611 ms  P95 212.8611 ms
  s.atmosphere.ms.single           median 13.8945 ms  P95 13.8945 ms
  s.atmosphere.params              median 0.0012 ms  P95 0.0012 ms
  s.atmosphere.skyview             median 0.2827 ms  P95 0.2827 ms
  s.atmosphere.transmittance       median 0.0378 ms  P95 0.0378 ms
  s.froxel.begin                   median 0.0010 ms  P95 0.0015 ms
  s.froxel.begin.planar            median 0.0012 ms  P95 0.0012 ms
  s.froxel.count                   median 0.0583 ms  P95 0.0635 ms
  s.froxel.count.planar            median 0.0470 ms  P95 0.0481 ms
  s.froxel.integrate               median 0.3623 ms  P95 0.6145 ms
  s.froxel.integrate.planar        median 0.4967 ms  P95 0.5950 ms
  s.froxel.lists                   median 0.2651 ms  P95 0.2703 ms
  s.froxel.lists.planar            median 0.1296 ms  P95 0.1311 ms
  s.froxel.queue.args              median 0.0010 ms  P95 0.0022 ms
  s.froxel.queue.args.planar       median 0.0010 ms  P95 0.0010 ms
  s.froxel.queue.begin             median 0.0010 ms  P95 0.0012 ms
  s.froxel.queue.begin.planar      median 0.0020 ms  P95 0.0029 ms
  s.froxel.queue.integrate         median 0.0327 ms  P95 0.0522 ms
  s.froxel.queue.integrate.planar  median 0.0529 ms  P95 0.0544 ms
  s.froxel.queue.prepare           median 0.0532 ms  P95 0.0554 ms
  s.froxel.queue.prepare.planar    median 0.0558 ms  P95 0.0574 ms
  s.froxel.scan.blocks             median 0.0051 ms  P95 0.0051 ms
  s.froxel.scan.blocks.planar      median 0.0051 ms  P95 0.0051 ms
  s.froxel.scan.top                median 0.0029 ms  P95 0.0032 ms
  s.froxel.scan.top.planar         median 0.0031 ms  P95 0.0032 ms
  s.froxel.stats                   median 0.0000 ms  P95 0.0020 ms
  s.froxel.tiledepth               median 0.0081 ms  P95 0.0093 ms
  s.froxel.tiledepth.planar        median 0.0071 ms  P95 0.0071 ms
  s.gate.capture                   median 1.0889 ms  P95 1.1047 ms
  s.shadow.filterargs              median 0.0010 ms  P95 0.0022 ms
  s.shadow.fragments               median 0.1750 ms  P95 0.2263 ms
  s.shadow.fragmentsun             median 0.0442 ms  P95 0.0615 ms
  s.shadow.listargs                median 0.0020 ms  P95 0.0022 ms
  s.shadow.listclear               median 0.0010 ms  P95 0.0020 ms
  s.shadow.overflow                median 0.9349 ms  P95 1.2944 ms
  s.shadow.overflow.args           median 0.0010 ms  P95 0.0022 ms
  s.shadow.overflow.begin          median 0.0010 ms  P95 0.0020 ms
  s.shadow.overflow.count          median 0.0225 ms  P95 0.0237 ms
  s.shadow.overflow.filter         median 0.0378 ms  P95 0.0430 ms
  s.shadow.overflow.scan.blocks    median 0.0022 ms  P95 0.0032 ms
  s.shadow.overflow.scan.top       median 0.0020 ms  P95 0.0032 ms
  s.shadow.penumbra                median 0.0635 ms  P95 0.1282 ms
  s.shadow.penumbra.filter         median 0.0330 ms  P95 0.0593 ms
  s.shadow.visibility              median 0.2109 ms  P95 0.2356 ms
  s.vsm.begin                      median 0.0010 ms  P95 0.0022 ms
  s.vsm.cache.casters              median 0.0042 ms  P95 0.0051 ms
  s.vsm.cache.free                 median 0.0093 ms  P95 0.0112 ms
  s.vsm.cache.keep                 median 0.0317 ms  P95 0.0327 ms
  s.vsm.cache.locallights          median 0.0021 ms  P95 0.0032 ms
  s.vsm.cache.reset                median 0.0010 ms  P95 0.0022 ms
  s.vsm.cache.stale                median 0.0010 ms  P95 0.0022 ms
  s.vsm.clear                      median 0.0132 ms  P95 0.0266 ms
  s.vsm.cullmask                   median 0.0042 ms  P95 0.0042 ms
  s.vsm.init                       median 0.0420 ms  P95 0.0420 ms
  s.vsm.localcullmask              median 0.0779 ms  P95 0.0808 ms
  s.vsm.localmark                  median 0.1455 ms  P95 0.1699 ms
  s.vsm.localmarkair               median 0.0645 ms  P95 0.0718 ms
  s.vsm.localraster0.chunks.p1     median 0.0051 ms  P95 0.0093 ms
  s.vsm.localraster0.clusters.p1   median 0.0022 ms  P95 0.0103 ms
  s.vsm.localraster0.instances.chunks.p1 median 0.0022 ms  P95 0.0164 ms
  s.vsm.localraster0.instances.p1  median 0.0042 ms  P95 0.0061 ms
  s.vsm.localraster0.nodes.p1.0    median 0.0022 ms  P95 0.0073 ms
  s.vsm.localraster0.nodes.p1.1    median 0.0022 ms  P95 0.0073 ms
  s.vsm.localraster0.nodes.p1.2    median 0.0022 ms  P95 0.0071 ms
  s.vsm.localraster0.nodes.p1.3    median 0.0022 ms  P95 0.0071 ms
  s.vsm.localraster0.prepare.chunks.p1 median 0.0022 ms  P95 0.0032 ms
  s.vsm.localraster0.prepare.draw.p1 median 0.0032 ms  P95 0.0042 ms
  s.vsm.localraster0.prepare.groups.p1 median 0.0022 ms  P95 0.0032 ms
  s.vsm.localraster0.prepare.nodes.p1.0 median 0.0029 ms  P95 0.0032 ms
  s.vsm.localraster0.prepare.nodes.p1.1 median 0.0022 ms  P95 0.0032 ms
  s.vsm.localraster0.prepare.nodes.p1.2 median 0.0022 ms  P95 0.0032 ms
  s.vsm.localraster0.prepare.nodes.p1.3 median 0.0022 ms  P95 0.0032 ms
  s.vsm.localraster0.raster        median 0.0029 ms  P95 0.0176 ms
  s.vsm.localraster0.reset         median 0.0032 ms  P95 0.0042 ms
  s.vsm.localraster0.stats         median 0.0000 ms  P95 0.0012 ms
  s.vsm.localraster0.tilemask      median 0.0042 ms  P95 0.0051 ms
  s.vsm.localraster1.chunks.p1     median 0.0042 ms  P95 0.0051 ms
  s.vsm.localraster1.clusters.p1   median 0.0020 ms  P95 0.0032 ms
  s.vsm.localraster1.instances.chunks.p1 median 0.0022 ms  P95 0.0032 ms
  s.vsm.localraster1.instances.p1  median 0.0042 ms  P95 0.0042 ms
  s.vsm.localraster1.nodes.p1.0    median 0.0020 ms  P95 0.0032 ms
  s.vsm.localraster1.nodes.p1.1    median 0.0022 ms  P95 0.0032 ms
  s.vsm.localraster1.nodes.p1.2    median 0.0022 ms  P95 0.0032 ms
  s.vsm.localraster1.nodes.p1.3    median 0.0022 ms  P95 0.0032 ms
  s.vsm.localraster1.prepare.chunks.p1 median 0.0022 ms  P95 0.0032 ms
  s.vsm.localraster1.prepare.draw.p1 median 0.0032 ms  P95 0.0042 ms
  s.vsm.localraster1.prepare.groups.p1 median 0.0022 ms  P95 0.0032 ms
  s.vsm.localraster1.prepare.nodes.p1.0 median 0.0029 ms  P95 0.0032 ms
  s.vsm.localraster1.prepare.nodes.p1.1 median 0.0029 ms  P95 0.0032 ms
  s.vsm.localraster1.prepare.nodes.p1.2 median 0.0022 ms  P95 0.0032 ms
  s.vsm.localraster1.prepare.nodes.p1.3 median 0.0022 ms  P95 0.0032 ms
  s.vsm.localraster1.raster        median 0.0022 ms  P95 0.0032 ms
  s.vsm.localraster1.reset         median 0.0032 ms  P95 0.0042 ms
  s.vsm.localraster1.stats         median 0.0000 ms  P95 0.0000 ms
  s.vsm.localraster1.tilemask      median 0.0042 ms  P95 0.0051 ms
  s.vsm.localraster10.chunks.p1    median 0.0051 ms  P95 0.0093 ms
  s.vsm.localraster10.clusters.p1  median 0.0029 ms  P95 0.0122 ms
  s.vsm.localraster10.instances.chunks.p1 median 0.0032 ms  P95 0.0186 ms
  s.vsm.localraster10.instances.p1 median 0.0042 ms  P95 0.0071 ms
  s.vsm.localraster10.nodes.p1.0   median 0.0031 ms  P95 0.0083 ms
  s.vsm.localraster10.nodes.p1.1   median 0.0031 ms  P95 0.0073 ms
  s.vsm.localraster10.nodes.p1.2   median 0.0029 ms  P95 0.0081 ms
  s.vsm.localraster10.nodes.p1.3   median 0.0032 ms  P95 0.0073 ms
  s.vsm.localraster10.prepare.chunks.p1 median 0.0022 ms  P95 0.0032 ms
  s.vsm.localraster10.prepare.draw.p1 median 0.0032 ms  P95 0.0042 ms
  s.vsm.localraster10.prepare.groups.p1 median 0.0022 ms  P95 0.0032 ms
  s.vsm.localraster10.prepare.nodes.p1.0 median 0.0029 ms  P95 0.0032 ms
  s.vsm.localraster10.prepare.nodes.p1.1 median 0.0029 ms  P95 0.0032 ms
  s.vsm.localraster10.prepare.nodes.p1.2 median 0.0022 ms  P95 0.0032 ms
  s.vsm.localraster10.prepare.nodes.p1.3 median 0.0022 ms  P95 0.0032 ms
  s.vsm.localraster10.raster       median 0.0032 ms  P95 0.0234 ms
  s.vsm.localraster10.reset        median 0.0032 ms  P95 0.0042 ms
  s.vsm.localraster10.stats        median 0.0000 ms  P95 0.0000 ms
  s.vsm.localraster10.tilemask     median 0.0042 ms  P95 0.0051 ms
  s.vsm.localraster11.chunks.p1    median 0.0051 ms  P95 0.0093 ms
  s.vsm.localraster11.clusters.p1  median 0.0032 ms  P95 0.0144 ms
  s.vsm.localraster11.instances.chunks.p1 median 0.0032 ms  P95 0.0176 ms
  s.vsm.localraster11.instances.p1 median 0.0042 ms  P95 0.0071 ms
  s.vsm.localraster11.nodes.p1.0   median 0.0032 ms  P95 0.0081 ms
  s.vsm.localraster11.nodes.p1.1   median 0.0032 ms  P95 0.0081 ms
  s.vsm.localraster11.nodes.p1.2   median 0.0032 ms  P95 0.0073 ms
  s.vsm.localraster11.nodes.p1.3   median 0.0032 ms  P95 0.0073 ms
  s.vsm.localraster11.prepare.chunks.p1 median 0.0022 ms  P95 0.0032 ms
  s.vsm.localraster11.prepare.draw.p1 median 0.0032 ms  P95 0.0042 ms
  s.vsm.localraster11.prepare.groups.p1 median 0.0022 ms  P95 0.0032 ms
  s.vsm.localraster11.prepare.nodes.p1.0 median 0.0029 ms  P95 0.0032 ms
  s.vsm.localraster11.prepare.nodes.p1.1 median 0.0022 ms  P95 0.0032 ms
  s.vsm.localraster11.prepare.nodes.p1.2 median 0.0022 ms  P95 0.0032 ms
  s.vsm.localraster11.prepare.nodes.p1.3 median 0.0022 ms  P95 0.0032 ms
  s.vsm.localraster11.raster       median 0.0032 ms  P95 0.0234 ms
  s.vsm.localraster11.reset        median 0.0032 ms  P95 0.0042 ms
  s.vsm.localraster11.stats        median 0.0000 ms  P95 0.0000 ms
  s.vsm.localraster11.tilemask     median 0.0042 ms  P95 0.0051 ms
  s.vsm.localraster12.chunks.p1    median 0.0072 ms  P95 0.0093 ms
  s.vsm.localraster12.clusters.p1  median 0.0032 ms  P95 0.0164 ms
  s.vsm.localraster12.instances.chunks.p1 median 0.0032 ms  P95 0.0183 ms
  s.vsm.localraster12.instances.p1 median 0.0042 ms  P95 0.0073 ms
  s.vsm.localraster12.nodes.p1.0   median 0.0032 ms  P95 0.0083 ms
  s.vsm.localraster12.nodes.p1.1   median 0.0032 ms  P95 0.0083 ms
  s.vsm.localraster12.nodes.p1.2   median 0.0032 ms  P95 0.0073 ms
  s.vsm.localraster12.nodes.p1.3   median 0.0032 ms  P95 0.0073 ms
  s.vsm.localraster12.prepare.chunks.p1 median 0.0022 ms  P95 0.0032 ms
  s.vsm.localraster12.prepare.draw.p1 median 0.0032 ms  P95 0.0042 ms
  s.vsm.localraster12.prepare.groups.p1 median 0.0022 ms  P95 0.0032 ms
  s.vsm.localraster12.prepare.nodes.p1.0 median 0.0029 ms  P95 0.0032 ms
  s.vsm.localraster12.prepare.nodes.p1.1 median 0.0029 ms  P95 0.0032 ms
  s.vsm.localraster12.prepare.nodes.p1.2 median 0.0022 ms  P95 0.0032 ms
  s.vsm.localraster12.prepare.nodes.p1.3 median 0.0022 ms  P95 0.0032 ms
  s.vsm.localraster12.raster       median 0.0032 ms  P95 0.0266 ms
  s.vsm.localraster12.reset        median 0.0032 ms  P95 0.0042 ms
  s.vsm.localraster12.stats        median 0.0000 ms  P95 0.0000 ms
  s.vsm.localraster12.tilemask     median 0.0042 ms  P95 0.0051 ms
  s.vsm.localraster13.chunks.p1    median 0.0071 ms  P95 0.0093 ms
  s.vsm.localraster13.clusters.p1  median 0.0090 ms  P95 0.0164 ms
  s.vsm.localraster13.instances.chunks.p1 median 0.0151 ms  P95 0.0195 ms
  s.vsm.localraster13.instances.p1 median 0.0051 ms  P95 0.0073 ms
  s.vsm.localraster13.nodes.p1.0   median 0.0061 ms  P95 0.0083 ms
  s.vsm.localraster13.nodes.p1.1   median 0.0066 ms  P95 0.0083 ms
  s.vsm.localraster13.nodes.p1.2   median 0.0061 ms  P95 0.0081 ms
  s.vsm.localraster13.nodes.p1.3   median 0.0061 ms  P95 0.0073 ms
  s.vsm.localraster13.prepare.chunks.p1 median 0.0029 ms  P95 0.0032 ms
  s.vsm.localraster13.prepare.draw.p1 median 0.0032 ms  P95 0.0042 ms
  s.vsm.localraster13.prepare.groups.p1 median 0.0022 ms  P95 0.0032 ms
  s.vsm.localraster13.prepare.nodes.p1.0 median 0.0029 ms  P95 0.0032 ms
  s.vsm.localraster13.prepare.nodes.p1.1 median 0.0029 ms  P95 0.0032 ms
  s.vsm.localraster13.prepare.nodes.p1.2 median 0.0022 ms  P95 0.0032 ms
  s.vsm.localraster13.prepare.nodes.p1.3 median 0.0022 ms  P95 0.0032 ms
  s.vsm.localraster13.raster       median 0.0090 ms  P95 0.0225 ms
  s.vsm.localraster13.reset        median 0.0032 ms  P95 0.0042 ms
  s.vsm.localraster13.stats        median 0.0000 ms  P95 0.0000 ms
  s.vsm.localraster13.tilemask     median 0.0042 ms  P95 0.0051 ms
  s.vsm.localraster14.chunks.p1    median 0.0081 ms  P95 0.0093 ms
  s.vsm.localraster14.clusters.p1  median 0.0090 ms  P95 0.0142 ms
  s.vsm.localraster14.instances.chunks.p1 median 0.0142 ms  P95 0.0193 ms
  s.vsm.localraster14.instances.p1 median 0.0051 ms  P95 0.0071 ms
  s.vsm.localraster14.nodes.p1.0   median 0.0061 ms  P95 0.0083 ms
  s.vsm.localraster14.nodes.p1.1   median 0.0061 ms  P95 0.0081 ms
  s.vsm.localraster14.nodes.p1.2   median 0.0061 ms  P95 0.0073 ms
  s.vsm.localraster14.nodes.p1.3   median 0.0061 ms  P95 0.0073 ms
  s.vsm.localraster14.prepare.chunks.p1 median 0.0022 ms  P95 0.0032 ms
  s.vsm.localraster14.prepare.draw.p1 median 0.0032 ms  P95 0.0042 ms
  s.vsm.localraster14.prepare.groups.p1 median 0.0022 ms  P95 0.0032 ms
  s.vsm.localraster14.prepare.nodes.p1.0 median 0.0029 ms  P95 0.0032 ms
  s.vsm.localraster14.prepare.nodes.p1.1 median 0.0029 ms  P95 0.0032 ms
  s.vsm.localraster14.prepare.nodes.p1.2 median 0.0022 ms  P95 0.0032 ms
  s.vsm.localraster14.prepare.nodes.p1.3 median 0.0022 ms  P95 0.0032 ms
  s.vsm.localraster14.raster       median 0.0093 ms  P95 0.0225 ms
  s.vsm.localraster14.reset        median 0.0032 ms  P95 0.0042 ms
  s.vsm.localraster14.stats        median 0.0000 ms  P95 0.0000 ms
  s.vsm.localraster14.tilemask     median 0.0042 ms  P95 0.0051 ms
  s.vsm.localraster15.chunks.p1    median 0.0081 ms  P95 0.0093 ms
  s.vsm.localraster15.clusters.p1  median 0.0093 ms  P95 0.0173 ms
  s.vsm.localraster15.instances.chunks.p1 median 0.0164 ms  P95 0.0186 ms
  s.vsm.localraster15.instances.p1 median 0.0051 ms  P95 0.0071 ms
  s.vsm.localraster15.nodes.p1.0   median 0.0071 ms  P95 0.0083 ms
  s.vsm.localraster15.nodes.p1.1   median 0.0071 ms  P95 0.0083 ms
  s.vsm.localraster15.nodes.p1.2   median 0.0071 ms  P95 0.0083 ms
  s.vsm.localraster15.nodes.p1.3   median 0.0063 ms  P95 0.0081 ms
  s.vsm.localraster15.prepare.chunks.p1 median 0.0022 ms  P95 0.0032 ms
  s.vsm.localraster15.prepare.draw.p1 median 0.0032 ms  P95 0.0042 ms
  s.vsm.localraster15.prepare.groups.p1 median 0.0022 ms  P95 0.0032 ms
  s.vsm.localraster15.prepare.nodes.p1.0 median 0.0029 ms  P95 0.0032 ms
  s.vsm.localraster15.prepare.nodes.p1.1 median 0.0022 ms  P95 0.0032 ms
  s.vsm.localraster15.prepare.nodes.p1.2 median 0.0022 ms  P95 0.0032 ms
  s.vsm.localraster15.prepare.nodes.p1.3 median 0.0022 ms  P95 0.0032 ms
  s.vsm.localraster15.raster       median 0.0112 ms  P95 0.0286 ms
  s.vsm.localraster15.reset        median 0.0032 ms  P95 0.0042 ms
  s.vsm.localraster15.stats        median 0.0000 ms  P95 0.0000 ms
  s.vsm.localraster15.tilemask     median 0.0042 ms  P95 0.0051 ms
  s.vsm.localraster16.chunks.p1    median 0.0073 ms  P95 0.0093 ms
  s.vsm.localraster16.clusters.p1  median 0.0090 ms  P95 0.0154 ms
  s.vsm.localraster16.instances.chunks.p1 median 0.0143 ms  P95 0.0186 ms
  s.vsm.localraster16.instances.p1 median 0.0051 ms  P95 0.0063 ms
  s.vsm.localraster16.nodes.p1.0   median 0.0061 ms  P95 0.0083 ms
  s.vsm.localraster16.nodes.p1.1   median 0.0061 ms  P95 0.0083 ms
  s.vsm.localraster16.nodes.p1.2   median 0.0061 ms  P95 0.0073 ms
  s.vsm.localraster16.nodes.p1.3   median 0.0061 ms  P95 0.0073 ms
  s.vsm.localraster16.prepare.chunks.p1 median 0.0022 ms  P95 0.0032 ms
  s.vsm.localraster16.prepare.draw.p1 median 0.0032 ms  P95 0.0042 ms
  s.vsm.localraster16.prepare.groups.p1 median 0.0022 ms  P95 0.0032 ms
  s.vsm.localraster16.prepare.nodes.p1.0 median 0.0029 ms  P95 0.0032 ms
  s.vsm.localraster16.prepare.nodes.p1.1 median 0.0022 ms  P95 0.0032 ms
  s.vsm.localraster16.prepare.nodes.p1.2 median 0.0022 ms  P95 0.0032 ms
  s.vsm.localraster16.prepare.nodes.p1.3 median 0.0022 ms  P95 0.0032 ms
  s.vsm.localraster16.raster       median 0.0093 ms  P95 0.0225 ms
  s.vsm.localraster16.reset        median 0.0032 ms  P95 0.0042 ms
  s.vsm.localraster16.stats        median 0.0000 ms  P95 0.0000 ms
  s.vsm.localraster16.tilemask     median 0.0042 ms  P95 0.0051 ms
  s.vsm.localraster17.chunks.p1    median 0.0081 ms  P95 0.0093 ms
  s.vsm.localraster17.clusters.p1  median 0.0090 ms  P95 0.0144 ms
  s.vsm.localraster17.instances.chunks.p1 median 0.0154 ms  P95 0.0186 ms
  s.vsm.localraster17.instances.p1 median 0.0051 ms  P95 0.0063 ms
  s.vsm.localraster17.nodes.p1.0   median 0.0071 ms  P95 0.0083 ms
  s.vsm.localraster17.nodes.p1.1   median 0.0071 ms  P95 0.0083 ms
  s.vsm.localraster17.nodes.p1.2   median 0.0061 ms  P95 0.0073 ms
  s.vsm.localraster17.nodes.p1.3   median 0.0061 ms  P95 0.0073 ms
  s.vsm.localraster17.prepare.chunks.p1 median 0.0022 ms  P95 0.0032 ms
  s.vsm.localraster17.prepare.draw.p1 median 0.0032 ms  P95 0.0042 ms
  s.vsm.localraster17.prepare.groups.p1 median 0.0022 ms  P95 0.0032 ms
  s.vsm.localraster17.prepare.nodes.p1.0 median 0.0029 ms  P95 0.0032 ms
  s.vsm.localraster17.prepare.nodes.p1.1 median 0.0022 ms  P95 0.0032 ms
  s.vsm.localraster17.prepare.nodes.p1.2 median 0.0022 ms  P95 0.0032 ms
  s.vsm.localraster17.prepare.nodes.p1.3 median 0.0022 ms  P95 0.0032 ms
  s.vsm.localraster17.raster       median 0.0103 ms  P95 0.0227 ms
  s.vsm.localraster17.reset        median 0.0032 ms  P95 0.0042 ms
  s.vsm.localraster17.stats        median 0.0000 ms  P95 0.0000 ms
  s.vsm.localraster17.tilemask     median 0.0042 ms  P95 0.0051 ms
  s.vsm.localraster18.chunks.p1    median 0.0073 ms  P95 0.0093 ms
  s.vsm.localraster18.clusters.p1  median 0.0090 ms  P95 0.0154 ms
  s.vsm.localraster18.instances.chunks.p1 median 0.0154 ms  P95 0.0186 ms
  s.vsm.localraster18.instances.p1 median 0.0051 ms  P95 0.0061 ms
  s.vsm.localraster18.nodes.p1.0   median 0.0071 ms  P95 0.0083 ms
  s.vsm.localraster18.nodes.p1.1   median 0.0071 ms  P95 0.0083 ms
  s.vsm.localraster18.nodes.p1.2   median 0.0061 ms  P95 0.0073 ms
  s.vsm.localraster18.nodes.p1.3   median 0.0061 ms  P95 0.0073 ms
  s.vsm.localraster18.prepare.chunks.p1 median 0.0029 ms  P95 0.0032 ms
  s.vsm.localraster18.prepare.draw.p1 median 0.0032 ms  P95 0.0042 ms
  s.vsm.localraster18.prepare.groups.p1 median 0.0022 ms  P95 0.0032 ms
  s.vsm.localraster18.prepare.nodes.p1.0 median 0.0022 ms  P95 0.0032 ms
  s.vsm.localraster18.prepare.nodes.p1.1 median 0.0026 ms  P95 0.0032 ms
  s.vsm.localraster18.prepare.nodes.p1.2 median 0.0022 ms  P95 0.0032 ms
  s.vsm.localraster18.prepare.nodes.p1.3 median 0.0022 ms  P95 0.0032 ms
  s.vsm.localraster18.raster       median 0.0093 ms  P95 0.0225 ms
  s.vsm.localraster18.reset        median 0.0032 ms  P95 0.0042 ms
  s.vsm.localraster18.stats        median 0.0000 ms  P95 0.0000 ms
  s.vsm.localraster18.tilemask     median 0.0042 ms  P95 0.0051 ms
  s.vsm.localraster19.chunks.p1    median 0.0051 ms  P95 0.0093 ms
  s.vsm.localraster19.clusters.p1  median 0.0029 ms  P95 0.0122 ms
  s.vsm.localraster19.instances.chunks.p1 median 0.0029 ms  P95 0.0176 ms
  s.vsm.localraster19.instances.p1 median 0.0042 ms  P95 0.0071 ms
  s.vsm.localraster19.nodes.p1.0   median 0.0029 ms  P95 0.0081 ms
  s.vsm.localraster19.nodes.p1.1   median 0.0029 ms  P95 0.0081 ms
  s.vsm.localraster19.nodes.p1.2   median 0.0029 ms  P95 0.0073 ms
  s.vsm.localraster19.nodes.p1.3   median 0.0029 ms  P95 0.0073 ms
  s.vsm.localraster19.prepare.chunks.p1 median 0.0022 ms  P95 0.0032 ms
  s.vsm.localraster19.prepare.draw.p1 median 0.0032 ms  P95 0.0042 ms
  s.vsm.localraster19.prepare.groups.p1 median 0.0022 ms  P95 0.0032 ms
  s.vsm.localraster19.prepare.nodes.p1.0 median 0.0029 ms  P95 0.0032 ms
  s.vsm.localraster19.prepare.nodes.p1.1 median 0.0026 ms  P95 0.0032 ms
  s.vsm.localraster19.prepare.nodes.p1.2 median 0.0022 ms  P95 0.0032 ms
  s.vsm.localraster19.prepare.nodes.p1.3 median 0.0022 ms  P95 0.0032 ms
  s.vsm.localraster19.raster       median 0.0032 ms  P95 0.0215 ms
  s.vsm.localraster19.reset        median 0.0032 ms  P95 0.0042 ms
  s.vsm.localraster19.stats        median 0.0000 ms  P95 0.0010 ms
  s.vsm.localraster19.tilemask     median 0.0042 ms  P95 0.0051 ms
  s.vsm.localraster2.chunks.p1     median 0.0042 ms  P95 0.0083 ms
  s.vsm.localraster2.clusters.p1   median 0.0022 ms  P95 0.0103 ms
  s.vsm.localraster2.instances.chunks.p1 median 0.0022 ms  P95 0.0164 ms
  s.vsm.localraster2.instances.p1  median 0.0042 ms  P95 0.0051 ms
  s.vsm.localraster2.nodes.p1.0    median 0.0022 ms  P95 0.0083 ms
  s.vsm.localraster2.nodes.p1.1    median 0.0022 ms  P95 0.0073 ms
  s.vsm.localraster2.nodes.p1.2    median 0.0022 ms  P95 0.0073 ms
  s.vsm.localraster2.nodes.p1.3    median 0.0022 ms  P95 0.0071 ms
  s.vsm.localraster2.prepare.chunks.p1 median 0.0022 ms  P95 0.0032 ms
  s.vsm.localraster2.prepare.draw.p1 median 0.0032 ms  P95 0.0042 ms
  s.vsm.localraster2.prepare.groups.p1 median 0.0022 ms  P95 0.0032 ms
  s.vsm.localraster2.prepare.nodes.p1.0 median 0.0029 ms  P95 0.0032 ms
  s.vsm.localraster2.prepare.nodes.p1.1 median 0.0029 ms  P95 0.0032 ms
  s.vsm.localraster2.prepare.nodes.p1.2 median 0.0022 ms  P95 0.0032 ms
  s.vsm.localraster2.prepare.nodes.p1.3 median 0.0022 ms  P95 0.0032 ms
  s.vsm.localraster2.raster        median 0.0022 ms  P95 0.0132 ms
  s.vsm.localraster2.reset         median 0.0032 ms  P95 0.0042 ms
  s.vsm.localraster2.stats         median 0.0000 ms  P95 0.0000 ms
  s.vsm.localraster2.tilemask      median 0.0042 ms  P95 0.0051 ms
  s.vsm.localraster20.chunks.p1    median 0.0051 ms  P95 0.0093 ms
  s.vsm.localraster20.clusters.p1  median 0.0032 ms  P95 0.0154 ms
  s.vsm.localraster20.instances.chunks.p1 median 0.0029 ms  P95 0.0183 ms
  s.vsm.localraster20.instances.p1 median 0.0042 ms  P95 0.0071 ms
  s.vsm.localraster20.nodes.p1.0   median 0.0029 ms  P95 0.0081 ms
  s.vsm.localraster20.nodes.p1.1   median 0.0029 ms  P95 0.0081 ms
  s.vsm.localraster20.nodes.p1.2   median 0.0029 ms  P95 0.0073 ms
  s.vsm.localraster20.nodes.p1.3   median 0.0031 ms  P95 0.0073 ms
  s.vsm.localraster20.prepare.chunks.p1 median 0.0022 ms  P95 0.0032 ms
  s.vsm.localraster20.prepare.draw.p1 median 0.0032 ms  P95 0.0042 ms
  s.vsm.localraster20.prepare.groups.p1 median 0.0022 ms  P95 0.0032 ms
  s.vsm.localraster20.prepare.nodes.p1.0 median 0.0029 ms  P95 0.0032 ms
  s.vsm.localraster20.prepare.nodes.p1.1 median 0.0022 ms  P95 0.0032 ms
  s.vsm.localraster20.prepare.nodes.p1.2 median 0.0022 ms  P95 0.0032 ms
  s.vsm.localraster20.prepare.nodes.p1.3 median 0.0022 ms  P95 0.0032 ms
  s.vsm.localraster20.raster       median 0.0032 ms  P95 0.0205 ms
  s.vsm.localraster20.reset        median 0.0032 ms  P95 0.0042 ms
  s.vsm.localraster20.stats        median 0.0000 ms  P95 0.0000 ms
  s.vsm.localraster20.tilemask     median 0.0049 ms  P95 0.0051 ms
  s.vsm.localraster21.chunks.p1    median 0.0081 ms  P95 0.0093 ms
  s.vsm.localraster21.clusters.p1  median 0.0093 ms  P95 0.0154 ms
  s.vsm.localraster21.instances.chunks.p1 median 0.0164 ms  P95 0.0186 ms
  s.vsm.localraster21.instances.p1 median 0.0051 ms  P95 0.0073 ms
  s.vsm.localraster21.nodes.p1.0   median 0.0071 ms  P95 0.0083 ms
  s.vsm.localraster21.nodes.p1.1   median 0.0071 ms  P95 0.0083 ms
  s.vsm.localraster21.nodes.p1.2   median 0.0061 ms  P95 0.0073 ms
  s.vsm.localraster21.nodes.p1.3   median 0.0061 ms  P95 0.0073 ms
  s.vsm.localraster21.prepare.chunks.p1 median 0.0022 ms  P95 0.0032 ms
  s.vsm.localraster21.prepare.draw.p1 median 0.0032 ms  P95 0.0042 ms
  s.vsm.localraster21.prepare.groups.p1 median 0.0022 ms  P95 0.0032 ms
  s.vsm.localraster21.prepare.nodes.p1.0 median 0.0029 ms  P95 0.0032 ms
  s.vsm.localraster21.prepare.nodes.p1.1 median 0.0022 ms  P95 0.0032 ms
  s.vsm.localraster21.prepare.nodes.p1.2 median 0.0022 ms  P95 0.0032 ms
  s.vsm.localraster21.prepare.nodes.p1.3 median 0.0022 ms  P95 0.0032 ms
  s.vsm.localraster21.raster       median 0.0112 ms  P95 0.0247 ms
  s.vsm.localraster21.reset        median 0.0032 ms  P95 0.0042 ms
  s.vsm.localraster21.stats        median 0.0000 ms  P95 0.0000 ms
  s.vsm.localraster21.tilemask     median 0.0042 ms  P95 0.0051 ms
  s.vsm.localraster22.chunks.p1    median 0.0050 ms  P95 0.0093 ms
  s.vsm.localraster22.clusters.p1  median 0.0022 ms  P95 0.0164 ms
  s.vsm.localraster22.instances.chunks.p1 median 0.0022 ms  P95 0.0186 ms
  s.vsm.localraster22.instances.p1 median 0.0042 ms  P95 0.0061 ms
  s.vsm.localraster22.nodes.p1.0   median 0.0022 ms  P95 0.0081 ms
  s.vsm.localraster22.nodes.p1.1   median 0.0022 ms  P95 0.0073 ms
  s.vsm.localraster22.nodes.p1.2   median 0.0022 ms  P95 0.0073 ms
  s.vsm.localraster22.nodes.p1.3   median 0.0022 ms  P95 0.0073 ms
  s.vsm.localraster22.prepare.chunks.p1 median 0.0022 ms  P95 0.0032 ms
  s.vsm.localraster22.prepare.draw.p1 median 0.0032 ms  P95 0.0042 ms
  s.vsm.localraster22.prepare.groups.p1 median 0.0022 ms  P95 0.0032 ms
  s.vsm.localraster22.prepare.nodes.p1.0 median 0.0029 ms  P95 0.0032 ms
  s.vsm.localraster22.prepare.nodes.p1.1 median 0.0029 ms  P95 0.0032 ms
  s.vsm.localraster22.prepare.nodes.p1.2 median 0.0022 ms  P95 0.0032 ms
  s.vsm.localraster22.prepare.nodes.p1.3 median 0.0022 ms  P95 0.0032 ms
  s.vsm.localraster22.raster       median 0.0029 ms  P95 0.0215 ms
  s.vsm.localraster22.reset        median 0.0032 ms  P95 0.0042 ms
  s.vsm.localraster22.stats        median 0.0000 ms  P95 0.0000 ms
  s.vsm.localraster22.tilemask     median 0.0042 ms  P95 0.0051 ms
  s.vsm.localraster23.chunks.p1    median 0.0051 ms  P95 0.0093 ms
  s.vsm.localraster23.clusters.p1  median 0.0029 ms  P95 0.0164 ms
  s.vsm.localraster23.instances.chunks.p1 median 0.0022 ms  P95 0.0183 ms
  s.vsm.localraster23.instances.p1 median 0.0042 ms  P95 0.0063 ms
  s.vsm.localraster23.nodes.p1.0   median 0.0029 ms  P95 0.0083 ms
  s.vsm.localraster23.nodes.p1.1   median 0.0029 ms  P95 0.0081 ms
  s.vsm.localraster23.nodes.p1.2   median 0.0022 ms  P95 0.0073 ms
  s.vsm.localraster23.nodes.p1.3   median 0.0029 ms  P95 0.0073 ms
  s.vsm.localraster23.prepare.chunks.p1 median 0.0022 ms  P95 0.0032 ms
  s.vsm.localraster23.prepare.draw.p1 median 0.0032 ms  P95 0.0042 ms
  s.vsm.localraster23.prepare.groups.p1 median 0.0022 ms  P95 0.0032 ms
  s.vsm.localraster23.prepare.nodes.p1.0 median 0.0029 ms  P95 0.0032 ms
  s.vsm.localraster23.prepare.nodes.p1.1 median 0.0022 ms  P95 0.0032 ms
  s.vsm.localraster23.prepare.nodes.p1.2 median 0.0022 ms  P95 0.0032 ms
  s.vsm.localraster23.prepare.nodes.p1.3 median 0.0022 ms  P95 0.0032 ms
  s.vsm.localraster23.raster       median 0.0032 ms  P95 0.0227 ms
  s.vsm.localraster23.reset        median 0.0032 ms  P95 0.0042 ms
  s.vsm.localraster23.stats        median 0.0000 ms  P95 0.0000 ms
  s.vsm.localraster23.tilemask     median 0.0042 ms  P95 0.0051 ms
  s.vsm.localraster24.chunks.p1    median 0.0081 ms  P95 0.0093 ms
  s.vsm.localraster24.clusters.p1  median 0.0090 ms  P95 0.0173 ms
  s.vsm.localraster24.instances.chunks.p1 median 0.0154 ms  P95 0.0186 ms
  s.vsm.localraster24.instances.p1 median 0.0051 ms  P95 0.0071 ms
  s.vsm.localraster24.nodes.p1.0   median 0.0062 ms  P95 0.0083 ms
  s.vsm.localraster24.nodes.p1.1   median 0.0071 ms  P95 0.0083 ms
  s.vsm.localraster24.nodes.p1.2   median 0.0061 ms  P95 0.0073 ms
  s.vsm.localraster24.nodes.p1.3   median 0.0061 ms  P95 0.0073 ms
  s.vsm.localraster24.prepare.chunks.p1 median 0.0022 ms  P95 0.0032 ms
  s.vsm.localraster24.prepare.draw.p1 median 0.0032 ms  P95 0.0042 ms
  s.vsm.localraster24.prepare.groups.p1 median 0.0022 ms  P95 0.0032 ms
  s.vsm.localraster24.prepare.nodes.p1.0 median 0.0029 ms  P95 0.0032 ms
  s.vsm.localraster24.prepare.nodes.p1.1 median 0.0029 ms  P95 0.0032 ms
  s.vsm.localraster24.prepare.nodes.p1.2 median 0.0022 ms  P95 0.0032 ms
  s.vsm.localraster24.prepare.nodes.p1.3 median 0.0022 ms  P95 0.0032 ms
  s.vsm.localraster24.raster       median 0.0093 ms  P95 0.0256 ms
  s.vsm.localraster24.reset        median 0.0032 ms  P95 0.0042 ms
  s.vsm.localraster24.stats        median 0.0000 ms  P95 0.0000 ms
  s.vsm.localraster24.tilemask     median 0.0042 ms  P95 0.0051 ms
  s.vsm.localraster25.chunks.p1    median 0.0051 ms  P95 0.0093 ms
  s.vsm.localraster25.clusters.p1  median 0.0032 ms  P95 0.0144 ms
  s.vsm.localraster25.instances.chunks.p1 median 0.0032 ms  P95 0.0186 ms
  s.vsm.localraster25.instances.p1 median 0.0042 ms  P95 0.0061 ms
  s.vsm.localraster25.nodes.p1.0   median 0.0032 ms  P95 0.0083 ms
  s.vsm.localraster25.nodes.p1.1   median 0.0032 ms  P95 0.0081 ms
  s.vsm.localraster25.nodes.p1.2   median 0.0032 ms  P95 0.0073 ms
  s.vsm.localraster25.nodes.p1.3   median 0.0032 ms  P95 0.0073 ms
  s.vsm.localraster25.prepare.chunks.p1 median 0.0022 ms  P95 0.0032 ms
  s.vsm.localraster25.prepare.draw.p1 median 0.0032 ms  P95 0.0042 ms
  s.vsm.localraster25.prepare.groups.p1 median 0.0022 ms  P95 0.0032 ms
  s.vsm.localraster25.prepare.nodes.p1.0 median 0.0029 ms  P95 0.0032 ms
  s.vsm.localraster25.prepare.nodes.p1.1 median 0.0029 ms  P95 0.0032 ms
  s.vsm.localraster25.prepare.nodes.p1.2 median 0.0022 ms  P95 0.0032 ms
  s.vsm.localraster25.prepare.nodes.p1.3 median 0.0022 ms  P95 0.0032 ms
  s.vsm.localraster25.raster       median 0.0032 ms  P95 0.0227 ms
  s.vsm.localraster25.reset        median 0.0032 ms  P95 0.0042 ms
  s.vsm.localraster25.stats        median 0.0000 ms  P95 0.0000 ms
  s.vsm.localraster25.tilemask     median 0.0042 ms  P95 0.0051 ms
  s.vsm.localraster26.chunks.p1    median 0.0051 ms  P95 0.0093 ms
  s.vsm.localraster26.clusters.p1  median 0.0032 ms  P95 0.0173 ms
  s.vsm.localraster26.instances.chunks.p1 median 0.0032 ms  P95 0.0183 ms
  s.vsm.localraster26.instances.p1 median 0.0042 ms  P95 0.0071 ms
  s.vsm.localraster26.nodes.p1.0   median 0.0032 ms  P95 0.0083 ms
  s.vsm.localraster26.nodes.p1.1   median 0.0032 ms  P95 0.0083 ms
  s.vsm.localraster26.nodes.p1.2   median 0.0029 ms  P95 0.0073 ms
  s.vsm.localraster26.nodes.p1.3   median 0.0032 ms  P95 0.0073 ms
  s.vsm.localraster26.prepare.chunks.p1 median 0.0022 ms  P95 0.0032 ms
  s.vsm.localraster26.prepare.draw.p1 median 0.0032 ms  P95 0.0042 ms
  s.vsm.localraster26.prepare.groups.p1 median 0.0022 ms  P95 0.0032 ms
  s.vsm.localraster26.prepare.nodes.p1.0 median 0.0029 ms  P95 0.0032 ms
  s.vsm.localraster26.prepare.nodes.p1.1 median 0.0029 ms  P95 0.0032 ms
  s.vsm.localraster26.prepare.nodes.p1.2 median 0.0022 ms  P95 0.0032 ms
  s.vsm.localraster26.prepare.nodes.p1.3 median 0.0022 ms  P95 0.0032 ms
  s.vsm.localraster26.raster       median 0.0032 ms  P95 0.0256 ms
  s.vsm.localraster26.reset        median 0.0032 ms  P95 0.0042 ms
  s.vsm.localraster26.stats        median 0.0000 ms  P95 0.0000 ms
  s.vsm.localraster26.tilemask     median 0.0051 ms  P95 0.0051 ms
  s.vsm.localraster27.chunks.p1    median 0.0081 ms  P95 0.0093 ms
  s.vsm.localraster27.clusters.p1  median 0.0090 ms  P95 0.0154 ms
  s.vsm.localraster27.instances.chunks.p1 median 0.0154 ms  P95 0.0183 ms
  s.vsm.localraster27.instances.p1 median 0.0051 ms  P95 0.0063 ms
  s.vsm.localraster27.nodes.p1.0   median 0.0071 ms  P95 0.0083 ms
  s.vsm.localraster27.nodes.p1.1   median 0.0061 ms  P95 0.0083 ms
  s.vsm.localraster27.nodes.p1.2   median 0.0061 ms  P95 0.0081 ms
  s.vsm.localraster27.nodes.p1.3   median 0.0061 ms  P95 0.0073 ms
  s.vsm.localraster27.prepare.chunks.p1 median 0.0022 ms  P95 0.0032 ms
  s.vsm.localraster27.prepare.draw.p1 median 0.0032 ms  P95 0.0042 ms
  s.vsm.localraster27.prepare.groups.p1 median 0.0022 ms  P95 0.0032 ms
  s.vsm.localraster27.prepare.nodes.p1.0 median 0.0029 ms  P95 0.0032 ms
  s.vsm.localraster27.prepare.nodes.p1.1 median 0.0022 ms  P95 0.0032 ms
  s.vsm.localraster27.prepare.nodes.p1.2 median 0.0022 ms  P95 0.0032 ms
  s.vsm.localraster27.prepare.nodes.p1.3 median 0.0022 ms  P95 0.0032 ms
  s.vsm.localraster27.raster       median 0.0093 ms  P95 0.0183 ms
  s.vsm.localraster27.reset        median 0.0032 ms  P95 0.0042 ms
  s.vsm.localraster27.stats        median 0.0000 ms  P95 0.0000 ms
  s.vsm.localraster27.tilemask     median 0.0042 ms  P95 0.0051 ms
  s.vsm.localraster28.chunks.p1    median 0.0081 ms  P95 0.0093 ms
  s.vsm.localraster28.clusters.p1  median 0.0090 ms  P95 0.0103 ms
  s.vsm.localraster28.instances.chunks.p1 median 0.0154 ms  P95 0.0186 ms
  s.vsm.localraster28.instances.p1 median 0.0051 ms  P95 0.0071 ms
  s.vsm.localraster28.nodes.p1.0   median 0.0071 ms  P95 0.0083 ms
  s.vsm.localraster28.nodes.p1.1   median 0.0063 ms  P95 0.0083 ms
  s.vsm.localraster28.nodes.p1.2   median 0.0061 ms  P95 0.0073 ms
  s.vsm.localraster28.nodes.p1.3   median 0.0061 ms  P95 0.0073 ms
  s.vsm.localraster28.prepare.chunks.p1 median 0.0022 ms  P95 0.0032 ms
  s.vsm.localraster28.prepare.draw.p1 median 0.0032 ms  P95 0.0042 ms
  s.vsm.localraster28.prepare.groups.p1 median 0.0022 ms  P95 0.0032 ms
  s.vsm.localraster28.prepare.nodes.p1.0 median 0.0029 ms  P95 0.0032 ms
  s.vsm.localraster28.prepare.nodes.p1.1 median 0.0022 ms  P95 0.0032 ms
  s.vsm.localraster28.prepare.nodes.p1.2 median 0.0022 ms  P95 0.0032 ms
  s.vsm.localraster28.prepare.nodes.p1.3 median 0.0022 ms  P95 0.0032 ms
  s.vsm.localraster28.raster       median 0.0093 ms  P95 0.0195 ms
  s.vsm.localraster28.reset        median 0.0032 ms  P95 0.0042 ms
  s.vsm.localraster28.stats        median 0.0000 ms  P95 0.0000 ms
  s.vsm.localraster28.tilemask     median 0.0051 ms  P95 0.0051 ms
  s.vsm.localraster29.chunks.p1    median 0.0081 ms  P95 0.0093 ms
  s.vsm.localraster29.clusters.p1  median 0.0093 ms  P95 0.0164 ms
  s.vsm.localraster29.instances.chunks.p1 median 0.0164 ms  P95 0.0183 ms
  s.vsm.localraster29.instances.p1 median 0.0051 ms  P95 0.0071 ms
  s.vsm.localraster29.nodes.p1.0   median 0.0071 ms  P95 0.0083 ms
  s.vsm.localraster29.nodes.p1.1   median 0.0071 ms  P95 0.0083 ms
  s.vsm.localraster29.nodes.p1.2   median 0.0061 ms  P95 0.0073 ms
  s.vsm.localraster29.nodes.p1.3   median 0.0063 ms  P95 0.0073 ms
  s.vsm.localraster29.prepare.chunks.p1 median 0.0022 ms  P95 0.0032 ms
  s.vsm.localraster29.prepare.draw.p1 median 0.0032 ms  P95 0.0042 ms
  s.vsm.localraster29.prepare.groups.p1 median 0.0022 ms  P95 0.0032 ms
  s.vsm.localraster29.prepare.nodes.p1.0 median 0.0029 ms  P95 0.0032 ms
  s.vsm.localraster29.prepare.nodes.p1.1 median 0.0029 ms  P95 0.0032 ms
  s.vsm.localraster29.prepare.nodes.p1.2 median 0.0022 ms  P95 0.0032 ms
  s.vsm.localraster29.prepare.nodes.p1.3 median 0.0022 ms  P95 0.0032 ms
  s.vsm.localraster29.raster       median 0.0103 ms  P95 0.0266 ms
  s.vsm.localraster29.reset        median 0.0032 ms  P95 0.0042 ms
  s.vsm.localraster29.stats        median 0.0000 ms  P95 0.0000 ms
  s.vsm.localraster29.tilemask     median 0.0042 ms  P95 0.0051 ms
  s.vsm.localraster3.chunks.p1     median 0.0081 ms  P95 0.0093 ms
  s.vsm.localraster3.clusters.p1   median 0.0128 ms  P95 0.0195 ms
  s.vsm.localraster3.instances.chunks.p1 median 0.0173 ms  P95 0.0195 ms
  s.vsm.localraster3.instances.p1  median 0.0051 ms  P95 0.0063 ms
  s.vsm.localraster3.nodes.p1.0    median 0.0081 ms  P95 0.0093 ms
  s.vsm.localraster3.nodes.p1.1    median 0.0073 ms  P95 0.0093 ms
  s.vsm.localraster3.nodes.p1.2    median 0.0071 ms  P95 0.0083 ms
  s.vsm.localraster3.nodes.p1.3    median 0.0071 ms  P95 0.0073 ms
  s.vsm.localraster3.prepare.chunks.p1 median 0.0022 ms  P95 0.0032 ms
  s.vsm.localraster3.prepare.draw.p1 median 0.0032 ms  P95 0.0042 ms
  s.vsm.localraster3.prepare.groups.p1 median 0.0022 ms  P95 0.0032 ms
  s.vsm.localraster3.prepare.nodes.p1.0 median 0.0029 ms  P95 0.0032 ms
  s.vsm.localraster3.prepare.nodes.p1.1 median 0.0022 ms  P95 0.0032 ms
  s.vsm.localraster3.prepare.nodes.p1.2 median 0.0022 ms  P95 0.0032 ms
  s.vsm.localraster3.prepare.nodes.p1.3 median 0.0022 ms  P95 0.0032 ms
  s.vsm.localraster3.raster        median 0.0132 ms  P95 0.0256 ms
  s.vsm.localraster3.reset         median 0.0032 ms  P95 0.0042 ms
  s.vsm.localraster3.stats         median 0.0000 ms  P95 0.0000 ms
  s.vsm.localraster3.tilemask      median 0.0042 ms  P95 0.0051 ms
  s.vsm.localraster30.chunks.p1    median 0.0051 ms  P95 0.0093 ms
  s.vsm.localraster30.clusters.p1  median 0.0032 ms  P95 0.0125 ms
  s.vsm.localraster30.instances.chunks.p1 median 0.0029 ms  P95 0.0186 ms
  s.vsm.localraster30.instances.p1 median 0.0042 ms  P95 0.0063 ms
  s.vsm.localraster30.nodes.p1.0   median 0.0029 ms  P95 0.0083 ms
  s.vsm.localraster30.nodes.p1.1   median 0.0032 ms  P95 0.0083 ms
  s.vsm.localraster30.nodes.p1.2   median 0.0032 ms  P95 0.0073 ms
  s.vsm.localraster30.nodes.p1.3   median 0.0029 ms  P95 0.0073 ms
  s.vsm.localraster30.prepare.chunks.p1 median 0.0022 ms  P95 0.0032 ms
  s.vsm.localraster30.prepare.draw.p1 median 0.0032 ms  P95 0.0042 ms
  s.vsm.localraster30.prepare.groups.p1 median 0.0022 ms  P95 0.0032 ms
  s.vsm.localraster30.prepare.nodes.p1.0 median 0.0029 ms  P95 0.0032 ms
  s.vsm.localraster30.prepare.nodes.p1.1 median 0.0029 ms  P95 0.0032 ms
  s.vsm.localraster30.prepare.nodes.p1.2 median 0.0022 ms  P95 0.0032 ms
  s.vsm.localraster30.prepare.nodes.p1.3 median 0.0022 ms  P95 0.0032 ms
  s.vsm.localraster30.raster       median 0.0032 ms  P95 0.0205 ms
  s.vsm.localraster30.reset        median 0.0032 ms  P95 0.0042 ms
  s.vsm.localraster30.stats        median 0.0000 ms  P95 0.0000 ms
  s.vsm.localraster30.tilemask     median 0.0051 ms  P95 0.0051 ms
  s.vsm.localraster31.chunks.p1    median 0.0071 ms  P95 0.0093 ms
  s.vsm.localraster31.clusters.p1  median 0.0090 ms  P95 0.0164 ms
  s.vsm.localraster31.instances.chunks.p1 median 0.0144 ms  P95 0.0183 ms
  s.vsm.localraster31.instances.p1 median 0.0051 ms  P95 0.0071 ms
  s.vsm.localraster31.nodes.p1.0   median 0.0061 ms  P95 0.0083 ms
  s.vsm.localraster31.nodes.p1.1   median 0.0061 ms  P95 0.0083 ms
  s.vsm.localraster31.nodes.p1.2   median 0.0061 ms  P95 0.0073 ms
  s.vsm.localraster31.nodes.p1.3   median 0.0061 ms  P95 0.0073 ms
  s.vsm.localraster31.prepare.chunks.p1 median 0.0022 ms  P95 0.0032 ms
  s.vsm.localraster31.prepare.draw.p1 median 0.0032 ms  P95 0.0042 ms
  s.vsm.localraster31.prepare.groups.p1 median 0.0022 ms  P95 0.0032 ms
  s.vsm.localraster31.prepare.nodes.p1.0 median 0.0029 ms  P95 0.0032 ms
  s.vsm.localraster31.prepare.nodes.p1.1 median 0.0029 ms  P95 0.0032 ms
  s.vsm.localraster31.prepare.nodes.p1.2 median 0.0022 ms  P95 0.0032 ms
  s.vsm.localraster31.prepare.nodes.p1.3 median 0.0022 ms  P95 0.0032 ms
  s.vsm.localraster31.raster       median 0.0090 ms  P95 0.0247 ms
  s.vsm.localraster31.reset        median 0.0032 ms  P95 0.0042 ms
  s.vsm.localraster31.stats        median 0.0000 ms  P95 0.0000 ms
  s.vsm.localraster31.tilemask     median 0.0042 ms  P95 0.0051 ms
  s.vsm.localraster32.chunks.p1    median 0.0081 ms  P95 0.0093 ms
  s.vsm.localraster32.clusters.p1  median 0.0090 ms  P95 0.0112 ms
  s.vsm.localraster32.instances.chunks.p1 median 0.0154 ms  P95 0.0183 ms
  s.vsm.localraster32.instances.p1 median 0.0051 ms  P95 0.0063 ms
  s.vsm.localraster32.nodes.p1.0   median 0.0071 ms  P95 0.0083 ms
  s.vsm.localraster32.nodes.p1.1   median 0.0071 ms  P95 0.0081 ms
  s.vsm.localraster32.nodes.p1.2   median 0.0061 ms  P95 0.0073 ms
  s.vsm.localraster32.nodes.p1.3   median 0.0061 ms  P95 0.0073 ms
  s.vsm.localraster32.prepare.chunks.p1 median 0.0022 ms  P95 0.0032 ms
  s.vsm.localraster32.prepare.draw.p1 median 0.0032 ms  P95 0.0042 ms
  s.vsm.localraster32.prepare.groups.p1 median 0.0022 ms  P95 0.0032 ms
  s.vsm.localraster32.prepare.nodes.p1.0 median 0.0029 ms  P95 0.0032 ms
  s.vsm.localraster32.prepare.nodes.p1.1 median 0.0029 ms  P95 0.0032 ms
  s.vsm.localraster32.prepare.nodes.p1.2 median 0.0022 ms  P95 0.0032 ms
  s.vsm.localraster32.prepare.nodes.p1.3 median 0.0022 ms  P95 0.0032 ms
  s.vsm.localraster32.raster       median 0.0103 ms  P95 0.0176 ms
  s.vsm.localraster32.reset        median 0.0032 ms  P95 0.0042 ms
  s.vsm.localraster32.stats        median 0.0000 ms  P95 0.0000 ms
  s.vsm.localraster32.tilemask     median 0.0051 ms  P95 0.0051 ms
  s.vsm.localraster33.chunks.p1    median 0.0071 ms  P95 0.0093 ms
  s.vsm.localraster33.clusters.p1  median 0.0061 ms  P95 0.0142 ms
  s.vsm.localraster33.instances.chunks.p1 median 0.0082 ms  P95 0.0186 ms
  s.vsm.localraster33.instances.p1 median 0.0046 ms  P95 0.0071 ms
  s.vsm.localraster33.nodes.p1.0   median 0.0046 ms  P95 0.0083 ms
  s.vsm.localraster33.nodes.p1.1   median 0.0061 ms  P95 0.0081 ms
  s.vsm.localraster33.nodes.p1.2   median 0.0061 ms  P95 0.0073 ms
  s.vsm.localraster33.nodes.p1.3   median 0.0042 ms  P95 0.0073 ms
  s.vsm.localraster33.prepare.chunks.p1 median 0.0022 ms  P95 0.0032 ms
  s.vsm.localraster33.prepare.draw.p1 median 0.0032 ms  P95 0.0042 ms
  s.vsm.localraster33.prepare.groups.p1 median 0.0022 ms  P95 0.0032 ms
  s.vsm.localraster33.prepare.nodes.p1.0 median 0.0029 ms  P95 0.0032 ms
  s.vsm.localraster33.prepare.nodes.p1.1 median 0.0029 ms  P95 0.0032 ms
  s.vsm.localraster33.prepare.nodes.p1.2 median 0.0022 ms  P95 0.0032 ms
  s.vsm.localraster33.prepare.nodes.p1.3 median 0.0022 ms  P95 0.0032 ms
  s.vsm.localraster33.raster       median 0.0056 ms  P95 0.0205 ms
  s.vsm.localraster33.reset        median 0.0032 ms  P95 0.0042 ms
  s.vsm.localraster33.stats        median 0.0000 ms  P95 0.0000 ms
  s.vsm.localraster33.tilemask     median 0.0042 ms  P95 0.0051 ms
  s.vsm.localraster34.chunks.p1    median 0.0051 ms  P95 0.0093 ms
  s.vsm.localraster34.clusters.p1  median 0.0032 ms  P95 0.0103 ms
  s.vsm.localraster34.instances.chunks.p1 median 0.0032 ms  P95 0.0186 ms
  s.vsm.localraster34.instances.p1 median 0.0042 ms  P95 0.0063 ms
  s.vsm.localraster34.nodes.p1.0   median 0.0032 ms  P95 0.0081 ms
  s.vsm.localraster34.nodes.p1.1   median 0.0032 ms  P95 0.0073 ms
  s.vsm.localraster34.nodes.p1.2   median 0.0032 ms  P95 0.0073 ms
  s.vsm.localraster34.nodes.p1.3   median 0.0032 ms  P95 0.0073 ms
  s.vsm.localraster34.prepare.chunks.p1 median 0.0022 ms  P95 0.0032 ms
  s.vsm.localraster34.prepare.draw.p1 median 0.0032 ms  P95 0.0042 ms
  s.vsm.localraster34.prepare.groups.p1 median 0.0022 ms  P95 0.0032 ms
  s.vsm.localraster34.prepare.nodes.p1.0 median 0.0029 ms  P95 0.0032 ms
  s.vsm.localraster34.prepare.nodes.p1.1 median 0.0029 ms  P95 0.0032 ms
  s.vsm.localraster34.prepare.nodes.p1.2 median 0.0022 ms  P95 0.0032 ms
  s.vsm.localraster34.prepare.nodes.p1.3 median 0.0022 ms  P95 0.0032 ms
  s.vsm.localraster34.raster       median 0.0032 ms  P95 0.0195 ms
  s.vsm.localraster34.reset        median 0.0032 ms  P95 0.0042 ms
  s.vsm.localraster34.stats        median 0.0000 ms  P95 0.0000 ms
  s.vsm.localraster34.tilemask     median 0.0051 ms  P95 0.0051 ms
  s.vsm.localraster35.chunks.p1    median 0.0081 ms  P95 0.0093 ms
  s.vsm.localraster35.clusters.p1  median 0.0090 ms  P95 0.0144 ms
  s.vsm.localraster35.instances.chunks.p1 median 0.0154 ms  P95 0.0176 ms
  s.vsm.localraster35.instances.p1 median 0.0051 ms  P95 0.0061 ms
  s.vsm.localraster35.nodes.p1.0   median 0.0071 ms  P95 0.0083 ms
  s.vsm.localraster35.nodes.p1.1   median 0.0071 ms  P95 0.0083 ms
  s.vsm.localraster35.nodes.p1.2   median 0.0061 ms  P95 0.0081 ms
  s.vsm.localraster35.nodes.p1.3   median 0.0061 ms  P95 0.0073 ms
  s.vsm.localraster35.prepare.chunks.p1 median 0.0022 ms  P95 0.0032 ms
  s.vsm.localraster35.prepare.draw.p1 median 0.0032 ms  P95 0.0042 ms
  s.vsm.localraster35.prepare.groups.p1 median 0.0022 ms  P95 0.0032 ms
  s.vsm.localraster35.prepare.nodes.p1.0 median 0.0029 ms  P95 0.0032 ms
  s.vsm.localraster35.prepare.nodes.p1.1 median 0.0022 ms  P95 0.0032 ms
  s.vsm.localraster35.prepare.nodes.p1.2 median 0.0022 ms  P95 0.0032 ms
  s.vsm.localraster35.prepare.nodes.p1.3 median 0.0022 ms  P95 0.0032 ms
  s.vsm.localraster35.raster       median 0.0093 ms  P95 0.0205 ms
  s.vsm.localraster35.reset        median 0.0032 ms  P95 0.0042 ms
  s.vsm.localraster35.stats        median 0.0000 ms  P95 0.0000 ms
  s.vsm.localraster35.tilemask     median 0.0042 ms  P95 0.0051 ms
  s.vsm.localraster36.chunks.p1    median 0.0051 ms  P95 0.0093 ms
  s.vsm.localraster36.clusters.p1  median 0.0022 ms  P95 0.0164 ms
  s.vsm.localraster36.instances.chunks.p1 median 0.0022 ms  P95 0.0183 ms
  s.vsm.localraster36.instances.p1 median 0.0042 ms  P95 0.0071 ms
  s.vsm.localraster36.nodes.p1.0   median 0.0022 ms  P95 0.0081 ms
  s.vsm.localraster36.nodes.p1.1   median 0.0022 ms  P95 0.0073 ms
  s.vsm.localraster36.nodes.p1.2   median 0.0022 ms  P95 0.0073 ms
  s.vsm.localraster36.nodes.p1.3   median 0.0022 ms  P95 0.0073 ms
  s.vsm.localraster36.prepare.chunks.p1 median 0.0022 ms  P95 0.0032 ms
  s.vsm.localraster36.prepare.draw.p1 median 0.0032 ms  P95 0.0042 ms
  s.vsm.localraster36.prepare.groups.p1 median 0.0022 ms  P95 0.0032 ms
  s.vsm.localraster36.prepare.nodes.p1.0 median 0.0029 ms  P95 0.0032 ms
  s.vsm.localraster36.prepare.nodes.p1.1 median 0.0029 ms  P95 0.0032 ms
  s.vsm.localraster36.prepare.nodes.p1.2 median 0.0022 ms  P95 0.0032 ms
  s.vsm.localraster36.prepare.nodes.p1.3 median 0.0022 ms  P95 0.0032 ms
  s.vsm.localraster36.raster       median 0.0032 ms  P95 0.0308 ms
  s.vsm.localraster36.reset        median 0.0032 ms  P95 0.0042 ms
  s.vsm.localraster36.stats        median 0.0000 ms  P95 0.0000 ms
  s.vsm.localraster36.tilemask     median 0.0042 ms  P95 0.0051 ms
  s.vsm.localraster37.chunks.p1    median 0.0051 ms  P95 0.0093 ms
  s.vsm.localraster37.clusters.p1  median 0.0032 ms  P95 0.0154 ms
  s.vsm.localraster37.instances.chunks.p1 median 0.0029 ms  P95 0.0186 ms
  s.vsm.localraster37.instances.p1 median 0.0042 ms  P95 0.0073 ms
  s.vsm.localraster37.nodes.p1.0   median 0.0032 ms  P95 0.0083 ms
  s.vsm.localraster37.nodes.p1.1   median 0.0032 ms  P95 0.0081 ms
  s.vsm.localraster37.nodes.p1.2   median 0.0032 ms  P95 0.0073 ms
  s.vsm.localraster37.nodes.p1.3   median 0.0032 ms  P95 0.0073 ms
  s.vsm.localraster37.prepare.chunks.p1 median 0.0022 ms  P95 0.0032 ms
  s.vsm.localraster37.prepare.draw.p1 median 0.0032 ms  P95 0.0042 ms
  s.vsm.localraster37.prepare.groups.p1 median 0.0022 ms  P95 0.0032 ms
  s.vsm.localraster37.prepare.nodes.p1.0 median 0.0029 ms  P95 0.0032 ms
  s.vsm.localraster37.prepare.nodes.p1.1 median 0.0022 ms  P95 0.0032 ms
  s.vsm.localraster37.prepare.nodes.p1.2 median 0.0022 ms  P95 0.0032 ms
  s.vsm.localraster37.prepare.nodes.p1.3 median 0.0022 ms  P95 0.0032 ms
  s.vsm.localraster37.raster       median 0.0032 ms  P95 0.0234 ms
  s.vsm.localraster37.reset        median 0.0032 ms  P95 0.0042 ms
  s.vsm.localraster37.stats        median 0.0000 ms  P95 0.0000 ms
  s.vsm.localraster37.tilemask     median 0.0042 ms  P95 0.0051 ms
  s.vsm.localraster38.chunks.p1    median 0.0081 ms  P95 0.0093 ms
  s.vsm.localraster38.clusters.p1  median 0.0093 ms  P95 0.0154 ms
  s.vsm.localraster38.instances.chunks.p1 median 0.0154 ms  P95 0.0183 ms
  s.vsm.localraster38.instances.p1 median 0.0051 ms  P95 0.0071 ms
  s.vsm.localraster38.nodes.p1.0   median 0.0071 ms  P95 0.0081 ms
  s.vsm.localraster38.nodes.p1.1   median 0.0071 ms  P95 0.0081 ms
  s.vsm.localraster38.nodes.p1.2   median 0.0061 ms  P95 0.0073 ms
  s.vsm.localraster38.nodes.p1.3   median 0.0061 ms  P95 0.0073 ms
  s.vsm.localraster38.prepare.chunks.p1 median 0.0022 ms  P95 0.0032 ms
  s.vsm.localraster38.prepare.draw.p1 median 0.0032 ms  P95 0.0042 ms
  s.vsm.localraster38.prepare.groups.p1 median 0.0022 ms  P95 0.0032 ms
  s.vsm.localraster38.prepare.nodes.p1.0 median 0.0029 ms  P95 0.0032 ms
  s.vsm.localraster38.prepare.nodes.p1.1 median 0.0029 ms  P95 0.0032 ms
  s.vsm.localraster38.prepare.nodes.p1.2 median 0.0022 ms  P95 0.0032 ms
  s.vsm.localraster38.prepare.nodes.p1.3 median 0.0029 ms  P95 0.0032 ms
  s.vsm.localraster38.raster       median 0.0103 ms  P95 0.0205 ms
  s.vsm.localraster38.reset        median 0.0032 ms  P95 0.0042 ms
  s.vsm.localraster38.stats        median 0.0000 ms  P95 0.0000 ms
  s.vsm.localraster38.tilemask     median 0.0042 ms  P95 0.0051 ms
  s.vsm.localraster39.chunks.p1    median 0.0071 ms  P95 0.0093 ms
  s.vsm.localraster39.clusters.p1  median 0.0090 ms  P95 0.0154 ms
  s.vsm.localraster39.instances.chunks.p1 median 0.0154 ms  P95 0.0183 ms
  s.vsm.localraster39.instances.p1 median 0.0051 ms  P95 0.0071 ms
  s.vsm.localraster39.nodes.p1.0   median 0.0061 ms  P95 0.0083 ms
  s.vsm.localraster39.nodes.p1.1   median 0.0061 ms  P95 0.0073 ms
  s.vsm.localraster39.nodes.p1.2   median 0.0061 ms  P95 0.0073 ms
  s.vsm.localraster39.nodes.p1.3   median 0.0061 ms  P95 0.0073 ms
  s.vsm.localraster39.prepare.chunks.p1 median 0.0022 ms  P95 0.0032 ms
  s.vsm.localraster39.prepare.draw.p1 median 0.0032 ms  P95 0.0042 ms
  s.vsm.localraster39.prepare.groups.p1 median 0.0022 ms  P95 0.0032 ms
  s.vsm.localraster39.prepare.nodes.p1.0 median 0.0029 ms  P95 0.0032 ms
  s.vsm.localraster39.prepare.nodes.p1.1 median 0.0029 ms  P95 0.0032 ms
  s.vsm.localraster39.prepare.nodes.p1.2 median 0.0022 ms  P95 0.0032 ms
  s.vsm.localraster39.prepare.nodes.p1.3 median 0.0022 ms  P95 0.0032 ms
  s.vsm.localraster39.raster       median 0.0093 ms  P95 0.0266 ms
  s.vsm.localraster39.reset        median 0.0032 ms  P95 0.0042 ms
  s.vsm.localraster39.stats        median 0.0000 ms  P95 0.0000 ms
  s.vsm.localraster39.tilemask     median 0.0049 ms  P95 0.0051 ms
  s.vsm.localraster4.chunks.p1     median 0.0051 ms  P95 0.0093 ms
  s.vsm.localraster4.clusters.p1   median 0.0029 ms  P95 0.0154 ms
  s.vsm.localraster4.instances.chunks.p1 median 0.0029 ms  P95 0.0183 ms
  s.vsm.localraster4.instances.p1  median 0.0042 ms  P95 0.0071 ms
  s.vsm.localraster4.nodes.p1.0    median 0.0029 ms  P95 0.0083 ms
  s.vsm.localraster4.nodes.p1.1    median 0.0029 ms  P95 0.0083 ms
  s.vsm.localraster4.nodes.p1.2    median 0.0029 ms  P95 0.0073 ms
  s.vsm.localraster4.nodes.p1.3    median 0.0032 ms  P95 0.0073 ms
  s.vsm.localraster4.prepare.chunks.p1 median 0.0022 ms  P95 0.0032 ms
  s.vsm.localraster4.prepare.draw.p1 median 0.0032 ms  P95 0.0042 ms
  s.vsm.localraster4.prepare.groups.p1 median 0.0022 ms  P95 0.0032 ms
  s.vsm.localraster4.prepare.nodes.p1.0 median 0.0029 ms  P95 0.0032 ms
  s.vsm.localraster4.prepare.nodes.p1.1 median 0.0022 ms  P95 0.0032 ms
  s.vsm.localraster4.prepare.nodes.p1.2 median 0.0022 ms  P95 0.0032 ms
  s.vsm.localraster4.prepare.nodes.p1.3 median 0.0022 ms  P95 0.0032 ms
  s.vsm.localraster4.raster        median 0.0032 ms  P95 0.0203 ms
  s.vsm.localraster4.reset         median 0.0032 ms  P95 0.0042 ms
  s.vsm.localraster4.stats         median 0.0000 ms  P95 0.0000 ms
  s.vsm.localraster4.tilemask      median 0.0042 ms  P95 0.0051 ms
  s.vsm.localraster40.chunks.p1    median 0.0051 ms  P95 0.0093 ms
  s.vsm.localraster40.clusters.p1  median 0.0032 ms  P95 0.0103 ms
  s.vsm.localraster40.instances.chunks.p1 median 0.0032 ms  P95 0.0186 ms
  s.vsm.localraster40.instances.p1 median 0.0042 ms  P95 0.0071 ms
  s.vsm.localraster40.nodes.p1.0   median 0.0029 ms  P95 0.0073 ms
  s.vsm.localraster40.nodes.p1.1   median 0.0032 ms  P95 0.0073 ms
  s.vsm.localraster40.nodes.p1.2   median 0.0032 ms  P95 0.0073 ms
  s.vsm.localraster40.nodes.p1.3   median 0.0032 ms  P95 0.0073 ms
  s.vsm.localraster40.prepare.chunks.p1 median 0.0022 ms  P95 0.0032 ms
  s.vsm.localraster40.prepare.draw.p1 median 0.0032 ms  P95 0.0042 ms
  s.vsm.localraster40.prepare.groups.p1 median 0.0022 ms  P95 0.0032 ms
  s.vsm.localraster40.prepare.nodes.p1.0 median 0.0029 ms  P95 0.0032 ms
  s.vsm.localraster40.prepare.nodes.p1.1 median 0.0029 ms  P95 0.0032 ms
  s.vsm.localraster40.prepare.nodes.p1.2 median 0.0022 ms  P95 0.0032 ms
  s.vsm.localraster40.prepare.nodes.p1.3 median 0.0022 ms  P95 0.0032 ms
  s.vsm.localraster40.raster       median 0.0032 ms  P95 0.0215 ms
  s.vsm.localraster40.reset        median 0.0032 ms  P95 0.0042 ms
  s.vsm.localraster40.stats        median 0.0000 ms  P95 0.0000 ms
  s.vsm.localraster40.tilemask     median 0.0042 ms  P95 0.0051 ms
  s.vsm.localraster41.chunks.p1    median 0.0051 ms  P95 0.0093 ms
  s.vsm.localraster41.clusters.p1  median 0.0022 ms  P95 0.0144 ms
  s.vsm.localraster41.instances.chunks.p1 median 0.0022 ms  P95 0.0186 ms
  s.vsm.localraster41.instances.p1 median 0.0042 ms  P95 0.0063 ms
  s.vsm.localraster41.nodes.p1.0   median 0.0029 ms  P95 0.0073 ms
  s.vsm.localraster41.nodes.p1.1   median 0.0022 ms  P95 0.0081 ms
  s.vsm.localraster41.nodes.p1.2   median 0.0022 ms  P95 0.0073 ms
  s.vsm.localraster41.nodes.p1.3   median 0.0022 ms  P95 0.0073 ms
  s.vsm.localraster41.prepare.chunks.p1 median 0.0022 ms  P95 0.0032 ms
  s.vsm.localraster41.prepare.draw.p1 median 0.0032 ms  P95 0.0042 ms
  s.vsm.localraster41.prepare.groups.p1 median 0.0022 ms  P95 0.0032 ms
  s.vsm.localraster41.prepare.nodes.p1.0 median 0.0029 ms  P95 0.0032 ms
  s.vsm.localraster41.prepare.nodes.p1.1 median 0.0029 ms  P95 0.0032 ms
  s.vsm.localraster41.prepare.nodes.p1.2 median 0.0022 ms  P95 0.0032 ms
  s.vsm.localraster41.prepare.nodes.p1.3 median 0.0029 ms  P95 0.0032 ms
  s.vsm.localraster41.raster       median 0.0032 ms  P95 0.0195 ms
  s.vsm.localraster41.reset        median 0.0039 ms  P95 0.0042 ms
  s.vsm.localraster41.stats        median 0.0000 ms  P95 0.0000 ms
  s.vsm.localraster41.tilemask     median 0.0042 ms  P95 0.0051 ms
  s.vsm.localraster42.chunks.p1    median 0.0051 ms  P95 0.0093 ms
  s.vsm.localraster42.clusters.p1  median 0.0022 ms  P95 0.0103 ms
  s.vsm.localraster42.instances.chunks.p1 median 0.0029 ms  P95 0.0176 ms
  s.vsm.localraster42.instances.p1 median 0.0042 ms  P95 0.0071 ms
  s.vsm.localraster42.nodes.p1.0   median 0.0022 ms  P95 0.0073 ms
  s.vsm.localraster42.nodes.p1.1   median 0.0022 ms  P95 0.0073 ms
  s.vsm.localraster42.nodes.p1.2   median 0.0029 ms  P95 0.0073 ms
  s.vsm.localraster42.nodes.p1.3   median 0.0029 ms  P95 0.0073 ms
  s.vsm.localraster42.prepare.chunks.p1 median 0.0022 ms  P95 0.0032 ms
  s.vsm.localraster42.prepare.draw.p1 median 0.0032 ms  P95 0.0042 ms
  s.vsm.localraster42.prepare.groups.p1 median 0.0022 ms  P95 0.0032 ms
  s.vsm.localraster42.prepare.nodes.p1.0 median 0.0029 ms  P95 0.0032 ms
  s.vsm.localraster42.prepare.nodes.p1.1 median 0.0029 ms  P95 0.0032 ms
  s.vsm.localraster42.prepare.nodes.p1.2 median 0.0022 ms  P95 0.0032 ms
  s.vsm.localraster42.prepare.nodes.p1.3 median 0.0022 ms  P95 0.0032 ms
  s.vsm.localraster42.raster       median 0.0032 ms  P95 0.0215 ms
  s.vsm.localraster42.reset        median 0.0032 ms  P95 0.0042 ms
  s.vsm.localraster42.stats        median 0.0000 ms  P95 0.0000 ms
  s.vsm.localraster42.tilemask     median 0.0042 ms  P95 0.0051 ms
  s.vsm.localraster43.chunks.p1    median 0.0051 ms  P95 0.0093 ms
  s.vsm.localraster43.clusters.p1  median 0.0029 ms  P95 0.0142 ms
  s.vsm.localraster43.instances.chunks.p1 median 0.0029 ms  P95 0.0183 ms
  s.vsm.localraster43.instances.p1 median 0.0042 ms  P95 0.0071 ms
  s.vsm.localraster43.nodes.p1.0   median 0.0029 ms  P95 0.0083 ms
  s.vsm.localraster43.nodes.p1.1   median 0.0029 ms  P95 0.0073 ms
  s.vsm.localraster43.nodes.p1.2   median 0.0029 ms  P95 0.0073 ms
  s.vsm.localraster43.nodes.p1.3   median 0.0029 ms  P95 0.0073 ms
  s.vsm.localraster43.prepare.chunks.p1 median 0.0022 ms  P95 0.0032 ms
  s.vsm.localraster43.prepare.draw.p1 median 0.0032 ms  P95 0.0042 ms
  s.vsm.localraster43.prepare.groups.p1 median 0.0022 ms  P95 0.0032 ms
  s.vsm.localraster43.prepare.nodes.p1.0 median 0.0029 ms  P95 0.0032 ms
  s.vsm.localraster43.prepare.nodes.p1.1 median 0.0029 ms  P95 0.0032 ms
  s.vsm.localraster43.prepare.nodes.p1.2 median 0.0022 ms  P95 0.0032 ms
  s.vsm.localraster43.prepare.nodes.p1.3 median 0.0022 ms  P95 0.0032 ms
  s.vsm.localraster43.raster       median 0.0029 ms  P95 0.0215 ms
  s.vsm.localraster43.reset        median 0.0039 ms  P95 0.0042 ms
  s.vsm.localraster43.stats        median 0.0000 ms  P95 0.0000 ms
  s.vsm.localraster43.tilemask     median 0.0042 ms  P95 0.0051 ms
  s.vsm.localraster44.chunks.p1    median 0.0051 ms  P95 0.0093 ms
  s.vsm.localraster44.clusters.p1  median 0.0031 ms  P95 0.0103 ms
  s.vsm.localraster44.instances.chunks.p1 median 0.0032 ms  P95 0.0183 ms
  s.vsm.localraster44.instances.p1 median 0.0042 ms  P95 0.0063 ms
  s.vsm.localraster44.nodes.p1.0   median 0.0032 ms  P95 0.0081 ms
  s.vsm.localraster44.nodes.p1.1   median 0.0032 ms  P95 0.0081 ms
  s.vsm.localraster44.nodes.p1.2   median 0.0032 ms  P95 0.0073 ms
  s.vsm.localraster44.nodes.p1.3   median 0.0032 ms  P95 0.0073 ms
  s.vsm.localraster44.prepare.chunks.p1 median 0.0022 ms  P95 0.0032 ms
  s.vsm.localraster44.prepare.draw.p1 median 0.0032 ms  P95 0.0042 ms
  s.vsm.localraster44.prepare.groups.p1 median 0.0022 ms  P95 0.0032 ms
  s.vsm.localraster44.prepare.nodes.p1.0 median 0.0029 ms  P95 0.0032 ms
  s.vsm.localraster44.prepare.nodes.p1.1 median 0.0022 ms  P95 0.0032 ms
  s.vsm.localraster44.prepare.nodes.p1.2 median 0.0022 ms  P95 0.0032 ms
  s.vsm.localraster44.prepare.nodes.p1.3 median 0.0022 ms  P95 0.0032 ms
  s.vsm.localraster44.raster       median 0.0032 ms  P95 0.0154 ms
  s.vsm.localraster44.reset        median 0.0032 ms  P95 0.0042 ms
  s.vsm.localraster44.stats        median 0.0000 ms  P95 0.0000 ms
  s.vsm.localraster44.tilemask     median 0.0042 ms  P95 0.0051 ms
  s.vsm.localraster45.chunks.p1    median 0.0071 ms  P95 0.0083 ms
  s.vsm.localraster45.clusters.p1  median 0.0081 ms  P95 0.0103 ms
  s.vsm.localraster45.instances.chunks.p1 median 0.0151 ms  P95 0.0166 ms
  s.vsm.localraster45.instances.p1 median 0.0042 ms  P95 0.0061 ms
  s.vsm.localraster45.nodes.p1.0   median 0.0061 ms  P95 0.0073 ms
  s.vsm.localraster45.nodes.p1.1   median 0.0061 ms  P95 0.0073 ms
  s.vsm.localraster45.nodes.p1.2   median 0.0061 ms  P95 0.0073 ms
  s.vsm.localraster45.nodes.p1.3   median 0.0061 ms  P95 0.0073 ms
  s.vsm.localraster45.prepare.chunks.p1 median 0.0022 ms  P95 0.0032 ms
  s.vsm.localraster45.prepare.draw.p1 median 0.0032 ms  P95 0.0042 ms
  s.vsm.localraster45.prepare.groups.p1 median 0.0022 ms  P95 0.0032 ms
  s.vsm.localraster45.prepare.nodes.p1.0 median 0.0029 ms  P95 0.0032 ms
  s.vsm.localraster45.prepare.nodes.p1.1 median 0.0029 ms  P95 0.0032 ms
  s.vsm.localraster45.prepare.nodes.p1.2 median 0.0022 ms  P95 0.0032 ms
  s.vsm.localraster45.prepare.nodes.p1.3 median 0.0022 ms  P95 0.0032 ms
  s.vsm.localraster45.raster       median 0.0081 ms  P95 0.0176 ms
  s.vsm.localraster45.reset        median 0.0032 ms  P95 0.0042 ms
  s.vsm.localraster45.stats        median 0.0000 ms  P95 0.0000 ms
  s.vsm.localraster45.tilemask     median 0.0042 ms  P95 0.0051 ms
  s.vsm.localraster46.chunks.p1    median 0.0051 ms  P95 0.0081 ms
  s.vsm.localraster46.clusters.p1  median 0.0032 ms  P95 0.0103 ms
  s.vsm.localraster46.instances.chunks.p1 median 0.0032 ms  P95 0.0173 ms
  s.vsm.localraster46.instances.p1 median 0.0042 ms  P95 0.0061 ms
  s.vsm.localraster46.nodes.p1.0   median 0.0032 ms  P95 0.0073 ms
  s.vsm.localraster46.nodes.p1.1   median 0.0032 ms  P95 0.0073 ms
  s.vsm.localraster46.nodes.p1.2   median 0.0032 ms  P95 0.0073 ms
  s.vsm.localraster46.nodes.p1.3   median 0.0029 ms  P95 0.0071 ms
  s.vsm.localraster46.prepare.chunks.p1 median 0.0022 ms  P95 0.0032 ms
  s.vsm.localraster46.prepare.draw.p1 median 0.0032 ms  P95 0.0042 ms
  s.vsm.localraster46.prepare.groups.p1 median 0.0022 ms  P95 0.0032 ms
  s.vsm.localraster46.prepare.nodes.p1.0 median 0.0029 ms  P95 0.0032 ms
  s.vsm.localraster46.prepare.nodes.p1.1 median 0.0022 ms  P95 0.0032 ms
  s.vsm.localraster46.prepare.nodes.p1.2 median 0.0022 ms  P95 0.0032 ms
  s.vsm.localraster46.prepare.nodes.p1.3 median 0.0022 ms  P95 0.0032 ms
  s.vsm.localraster46.raster       median 0.0029 ms  P95 0.0183 ms
  s.vsm.localraster46.reset        median 0.0032 ms  P95 0.0042 ms
  s.vsm.localraster46.stats        median 0.0000 ms  P95 0.0000 ms
  s.vsm.localraster46.tilemask     median 0.0042 ms  P95 0.0051 ms
  s.vsm.localraster47.chunks.p1    median 0.0051 ms  P95 0.0083 ms
  s.vsm.localraster47.clusters.p1  median 0.0081 ms  P95 0.0154 ms
  s.vsm.localraster47.instances.chunks.p1 median 0.0032 ms  P95 0.0186 ms
  s.vsm.localraster47.instances.p1 median 0.0042 ms  P95 0.0063 ms
  s.vsm.localraster47.nodes.p1.0   median 0.0032 ms  P95 0.0073 ms
  s.vsm.localraster47.nodes.p1.1   median 0.0032 ms  P95 0.0081 ms
  s.vsm.localraster47.nodes.p1.2   median 0.0032 ms  P95 0.0073 ms
  s.vsm.localraster47.nodes.p1.3   median 0.0032 ms  P95 0.0073 ms
  s.vsm.localraster47.prepare.chunks.p1 median 0.0022 ms  P95 0.0032 ms
  s.vsm.localraster47.prepare.draw.p1 median 0.0032 ms  P95 0.0042 ms
  s.vsm.localraster47.prepare.groups.p1 median 0.0022 ms  P95 0.0032 ms
  s.vsm.localraster47.prepare.nodes.p1.0 median 0.0029 ms  P95 0.0032 ms
  s.vsm.localraster47.prepare.nodes.p1.1 median 0.0029 ms  P95 0.0032 ms
  s.vsm.localraster47.prepare.nodes.p1.2 median 0.0022 ms  P95 0.0032 ms
  s.vsm.localraster47.prepare.nodes.p1.3 median 0.0022 ms  P95 0.0032 ms
  s.vsm.localraster47.raster       median 0.0032 ms  P95 0.0244 ms
  s.vsm.localraster47.reset        median 0.0032 ms  P95 0.0042 ms
  s.vsm.localraster47.stats        median 0.0000 ms  P95 0.0000 ms
  s.vsm.localraster47.tilemask     median 0.0042 ms  P95 0.0051 ms
  s.vsm.localraster48.chunks.p1    median 0.0051 ms  P95 0.0083 ms
  s.vsm.localraster48.clusters.p1  median 0.0032 ms  P95 0.0112 ms
  s.vsm.localraster48.instances.chunks.p1 median 0.0032 ms  P95 0.0173 ms
  s.vsm.localraster48.instances.p1 median 0.0042 ms  P95 0.0061 ms
  s.vsm.localraster48.nodes.p1.0   median 0.0032 ms  P95 0.0081 ms
  s.vsm.localraster48.nodes.p1.1   median 0.0032 ms  P95 0.0073 ms
  s.vsm.localraster48.nodes.p1.2   median 0.0032 ms  P95 0.0073 ms
  s.vsm.localraster48.nodes.p1.3   median 0.0032 ms  P95 0.0073 ms
  s.vsm.localraster48.prepare.chunks.p1 median 0.0022 ms  P95 0.0032 ms
  s.vsm.localraster48.prepare.draw.p1 median 0.0032 ms  P95 0.0042 ms
  s.vsm.localraster48.prepare.groups.p1 median 0.0022 ms  P95 0.0032 ms
  s.vsm.localraster48.prepare.nodes.p1.0 median 0.0029 ms  P95 0.0032 ms
  s.vsm.localraster48.prepare.nodes.p1.1 median 0.0029 ms  P95 0.0032 ms
  s.vsm.localraster48.prepare.nodes.p1.2 median 0.0022 ms  P95 0.0032 ms
  s.vsm.localraster48.prepare.nodes.p1.3 median 0.0022 ms  P95 0.0032 ms
  s.vsm.localraster48.raster       median 0.0032 ms  P95 0.0173 ms
  s.vsm.localraster48.reset        median 0.0032 ms  P95 0.0042 ms
  s.vsm.localraster48.stats        median 0.0000 ms  P95 0.0000 ms
  s.vsm.localraster48.tilemask     median 0.0042 ms  P95 0.0051 ms
  s.vsm.localraster49.chunks.p1    median 0.0042 ms  P95 0.0083 ms
  s.vsm.localraster49.clusters.p1  median 0.0032 ms  P95 0.0112 ms
  s.vsm.localraster49.instances.chunks.p1 median 0.0032 ms  P95 0.0183 ms
  s.vsm.localraster49.instances.p1 median 0.0042 ms  P95 0.0063 ms
  s.vsm.localraster49.nodes.p1.0   median 0.0032 ms  P95 0.0073 ms
  s.vsm.localraster49.nodes.p1.1   median 0.0032 ms  P95 0.0081 ms
  s.vsm.localraster49.nodes.p1.2   median 0.0032 ms  P95 0.0073 ms
  s.vsm.localraster49.nodes.p1.3   median 0.0032 ms  P95 0.0073 ms
  s.vsm.localraster49.prepare.chunks.p1 median 0.0022 ms  P95 0.0032 ms
  s.vsm.localraster49.prepare.draw.p1 median 0.0032 ms  P95 0.0042 ms
  s.vsm.localraster49.prepare.groups.p1 median 0.0022 ms  P95 0.0032 ms
  s.vsm.localraster49.prepare.nodes.p1.0 median 0.0029 ms  P95 0.0032 ms
  s.vsm.localraster49.prepare.nodes.p1.1 median 0.0022 ms  P95 0.0032 ms
  s.vsm.localraster49.prepare.nodes.p1.2 median 0.0022 ms  P95 0.0032 ms
  s.vsm.localraster49.prepare.nodes.p1.3 median 0.0022 ms  P95 0.0032 ms
  s.vsm.localraster49.raster       median 0.0032 ms  P95 0.0205 ms
  s.vsm.localraster49.reset        median 0.0032 ms  P95 0.0042 ms
  s.vsm.localraster49.stats        median 0.0000 ms  P95 0.0000 ms
  s.vsm.localraster49.tilemask     median 0.0042 ms  P95 0.0051 ms
  s.vsm.localraster5.chunks.p1     median 0.0042 ms  P95 0.0093 ms
  s.vsm.localraster5.clusters.p1   median 0.0022 ms  P95 0.0112 ms
  s.vsm.localraster5.instances.chunks.p1 median 0.0022 ms  P95 0.0176 ms
  s.vsm.localraster5.instances.p1  median 0.0042 ms  P95 0.0063 ms
  s.vsm.localraster5.nodes.p1.0    median 0.0022 ms  P95 0.0073 ms
  s.vsm.localraster5.nodes.p1.1    median 0.0022 ms  P95 0.0073 ms
  s.vsm.localraster5.nodes.p1.2    median 0.0022 ms  P95 0.0073 ms
  s.vsm.localraster5.nodes.p1.3    median 0.0022 ms  P95 0.0073 ms
  s.vsm.localraster5.prepare.chunks.p1 median 0.0022 ms  P95 0.0032 ms
  s.vsm.localraster5.prepare.draw.p1 median 0.0032 ms  P95 0.0042 ms
  s.vsm.localraster5.prepare.groups.p1 median 0.0022 ms  P95 0.0032 ms
  s.vsm.localraster5.prepare.nodes.p1.0 median 0.0029 ms  P95 0.0032 ms
  s.vsm.localraster5.prepare.nodes.p1.1 median 0.0029 ms  P95 0.0032 ms
  s.vsm.localraster5.prepare.nodes.p1.2 median 0.0022 ms  P95 0.0032 ms
  s.vsm.localraster5.prepare.nodes.p1.3 median 0.0022 ms  P95 0.0032 ms
  s.vsm.localraster5.raster        median 0.0029 ms  P95 0.0195 ms
  s.vsm.localraster5.reset         median 0.0032 ms  P95 0.0042 ms
  s.vsm.localraster5.stats         median 0.0000 ms  P95 0.0000 ms
  s.vsm.localraster5.tilemask      median 0.0042 ms  P95 0.0051 ms
  s.vsm.localraster50.chunks.p1    median 0.0061 ms  P95 0.0083 ms
  s.vsm.localraster50.clusters.p1  median 0.0090 ms  P95 0.0164 ms
  s.vsm.localraster50.instances.chunks.p1 median 0.0154 ms  P95 0.0183 ms
  s.vsm.localraster50.instances.p1 median 0.0051 ms  P95 0.0061 ms
  s.vsm.localraster50.nodes.p1.0   median 0.0061 ms  P95 0.0083 ms
  s.vsm.localraster50.nodes.p1.1   median 0.0061 ms  P95 0.0081 ms
  s.vsm.localraster50.nodes.p1.2   median 0.0061 ms  P95 0.0073 ms
  s.vsm.localraster50.nodes.p1.3   median 0.0061 ms  P95 0.0073 ms
  s.vsm.localraster50.prepare.chunks.p1 median 0.0022 ms  P95 0.0032 ms
  s.vsm.localraster50.prepare.draw.p1 median 0.0032 ms  P95 0.0042 ms
  s.vsm.localraster50.prepare.groups.p1 median 0.0022 ms  P95 0.0032 ms
  s.vsm.localraster50.prepare.nodes.p1.0 median 0.0029 ms  P95 0.0032 ms
  s.vsm.localraster50.prepare.nodes.p1.1 median 0.0029 ms  P95 0.0032 ms
  s.vsm.localraster50.prepare.nodes.p1.2 median 0.0022 ms  P95 0.0032 ms
  s.vsm.localraster50.prepare.nodes.p1.3 median 0.0022 ms  P95 0.0032 ms
  s.vsm.localraster50.raster       median 0.0103 ms  P95 0.0215 ms
  s.vsm.localraster50.reset        median 0.0032 ms  P95 0.0042 ms
  s.vsm.localraster50.stats        median 0.0000 ms  P95 0.0000 ms
  s.vsm.localraster50.tilemask     median 0.0042 ms  P95 0.0051 ms
  s.vsm.localraster51.chunks.p1    median 0.0051 ms  P95 0.0083 ms
  s.vsm.localraster51.clusters.p1  median 0.0032 ms  P95 0.0164 ms
  s.vsm.localraster51.instances.chunks.p1 median 0.0032 ms  P95 0.0176 ms
  s.vsm.localraster51.instances.p1 median 0.0042 ms  P95 0.0063 ms
  s.vsm.localraster51.nodes.p1.0   median 0.0032 ms  P95 0.0073 ms
  s.vsm.localraster51.nodes.p1.1   median 0.0032 ms  P95 0.0073 ms
  s.vsm.localraster51.nodes.p1.2   median 0.0032 ms  P95 0.0073 ms
  s.vsm.localraster51.nodes.p1.3   median 0.0032 ms  P95 0.0073 ms
  s.vsm.localraster51.prepare.chunks.p1 median 0.0022 ms  P95 0.0032 ms
  s.vsm.localraster51.prepare.draw.p1 median 0.0032 ms  P95 0.0042 ms
  s.vsm.localraster51.prepare.groups.p1 median 0.0022 ms  P95 0.0032 ms
  s.vsm.localraster51.prepare.nodes.p1.0 median 0.0029 ms  P95 0.0032 ms
  s.vsm.localraster51.prepare.nodes.p1.1 median 0.0022 ms  P95 0.0032 ms
  s.vsm.localraster51.prepare.nodes.p1.2 median 0.0022 ms  P95 0.0032 ms
  s.vsm.localraster51.prepare.nodes.p1.3 median 0.0022 ms  P95 0.0032 ms
  s.vsm.localraster51.raster       median 0.0032 ms  P95 0.0408 ms
  s.vsm.localraster51.reset        median 0.0032 ms  P95 0.0042 ms
  s.vsm.localraster51.stats        median 0.0000 ms  P95 0.0010 ms
  s.vsm.localraster51.tilemask     median 0.0042 ms  P95 0.0051 ms
  s.vsm.localraster52.chunks.p1    median 0.0067 ms  P95 0.0083 ms
  s.vsm.localraster52.clusters.p1  median 0.0090 ms  P95 0.0144 ms
  s.vsm.localraster52.instances.chunks.p1 median 0.0154 ms  P95 0.0176 ms
  s.vsm.localraster52.instances.p1 median 0.0051 ms  P95 0.0071 ms
  s.vsm.localraster52.nodes.p1.0   median 0.0061 ms  P95 0.0073 ms
  s.vsm.localraster52.nodes.p1.1   median 0.0061 ms  P95 0.0073 ms
  s.vsm.localraster52.nodes.p1.2   median 0.0061 ms  P95 0.0073 ms
  s.vsm.localraster52.nodes.p1.3   median 0.0061 ms  P95 0.0073 ms
  s.vsm.localraster52.prepare.chunks.p1 median 0.0022 ms  P95 0.0032 ms
  s.vsm.localraster52.prepare.draw.p1 median 0.0032 ms  P95 0.0042 ms
  s.vsm.localraster52.prepare.groups.p1 median 0.0022 ms  P95 0.0032 ms
  s.vsm.localraster52.prepare.nodes.p1.0 median 0.0029 ms  P95 0.0032 ms
  s.vsm.localraster52.prepare.nodes.p1.1 median 0.0029 ms  P95 0.0032 ms
  s.vsm.localraster52.prepare.nodes.p1.2 median 0.0022 ms  P95 0.0032 ms
  s.vsm.localraster52.prepare.nodes.p1.3 median 0.0022 ms  P95 0.0032 ms
  s.vsm.localraster52.raster       median 0.0098 ms  P95 0.0225 ms
  s.vsm.localraster52.reset        median 0.0032 ms  P95 0.0042 ms
  s.vsm.localraster52.stats        median 0.0000 ms  P95 0.0000 ms
  s.vsm.localraster52.tilemask     median 0.0042 ms  P95 0.0051 ms
  s.vsm.localraster53.chunks.p1    median 0.0042 ms  P95 0.0083 ms
  s.vsm.localraster53.clusters.p1  median 0.0022 ms  P95 0.0103 ms
  s.vsm.localraster53.instances.chunks.p1 median 0.0022 ms  P95 0.0173 ms
  s.vsm.localraster53.instances.p1 median 0.0042 ms  P95 0.0061 ms
  s.vsm.localraster53.nodes.p1.0   median 0.0029 ms  P95 0.0073 ms
  s.vsm.localraster53.nodes.p1.1   median 0.0029 ms  P95 0.0073 ms
  s.vsm.localraster53.nodes.p1.2   median 0.0022 ms  P95 0.0073 ms
  s.vsm.localraster53.nodes.p1.3   median 0.0022 ms  P95 0.0071 ms
  s.vsm.localraster53.prepare.chunks.p1 median 0.0022 ms  P95 0.0032 ms
  s.vsm.localraster53.prepare.draw.p1 median 0.0032 ms  P95 0.0042 ms
  s.vsm.localraster53.prepare.groups.p1 median 0.0022 ms  P95 0.0032 ms
  s.vsm.localraster53.prepare.nodes.p1.0 median 0.0029 ms  P95 0.0032 ms
  s.vsm.localraster53.prepare.nodes.p1.1 median 0.0029 ms  P95 0.0032 ms
  s.vsm.localraster53.prepare.nodes.p1.2 median 0.0022 ms  P95 0.0032 ms
  s.vsm.localraster53.prepare.nodes.p1.3 median 0.0022 ms  P95 0.0032 ms
  s.vsm.localraster53.raster       median 0.0022 ms  P95 0.0173 ms
  s.vsm.localraster53.reset        median 0.0032 ms  P95 0.0042 ms
  s.vsm.localraster53.stats        median 0.0000 ms  P95 0.0000 ms
  s.vsm.localraster53.tilemask     median 0.0042 ms  P95 0.0051 ms
  s.vsm.localraster54.chunks.p1    median 0.0051 ms  P95 0.0083 ms
  s.vsm.localraster54.clusters.p1  median 0.0051 ms  P95 0.0186 ms
  s.vsm.localraster54.instances.chunks.p1 median 0.0032 ms  P95 0.0195 ms
  s.vsm.localraster54.instances.p1 median 0.0049 ms  P95 0.0063 ms
  s.vsm.localraster54.nodes.p1.0   median 0.0046 ms  P95 0.0093 ms
  s.vsm.localraster54.nodes.p1.1   median 0.0032 ms  P95 0.0093 ms
  s.vsm.localraster54.nodes.p1.2   median 0.0032 ms  P95 0.0083 ms
  s.vsm.localraster54.nodes.p1.3   median 0.0032 ms  P95 0.0083 ms
  s.vsm.localraster54.prepare.chunks.p1 median 0.0029 ms  P95 0.0032 ms
  s.vsm.localraster54.prepare.draw.p1 median 0.0032 ms  P95 0.0042 ms
  s.vsm.localraster54.prepare.groups.p1 median 0.0022 ms  P95 0.0032 ms
  s.vsm.localraster54.prepare.nodes.p1.0 median 0.0029 ms  P95 0.0032 ms
  s.vsm.localraster54.prepare.nodes.p1.1 median 0.0022 ms  P95 0.0032 ms
  s.vsm.localraster54.prepare.nodes.p1.2 median 0.0022 ms  P95 0.0032 ms
  s.vsm.localraster54.prepare.nodes.p1.3 median 0.0022 ms  P95 0.0032 ms
  s.vsm.localraster54.raster       median 0.0082 ms  P95 0.0237 ms
  s.vsm.localraster54.reset        median 0.0032 ms  P95 0.0042 ms
  s.vsm.localraster54.stats        median 0.0000 ms  P95 0.0000 ms
  s.vsm.localraster54.tilemask     median 0.0050 ms  P95 0.0051 ms
  s.vsm.localraster55.chunks.p1    median 0.0042 ms  P95 0.0081 ms
  s.vsm.localraster55.clusters.p1  median 0.0022 ms  P95 0.0103 ms
  s.vsm.localraster55.instances.chunks.p1 median 0.0022 ms  P95 0.0173 ms
  s.vsm.localraster55.instances.p1 median 0.0042 ms  P95 0.0061 ms
  s.vsm.localraster55.nodes.p1.0   median 0.0022 ms  P95 0.0073 ms
  s.vsm.localraster55.nodes.p1.1   median 0.0022 ms  P95 0.0073 ms
  s.vsm.localraster55.nodes.p1.2   median 0.0022 ms  P95 0.0073 ms
  s.vsm.localraster55.nodes.p1.3   median 0.0022 ms  P95 0.0073 ms
  s.vsm.localraster55.prepare.chunks.p1 median 0.0022 ms  P95 0.0032 ms
  s.vsm.localraster55.prepare.draw.p1 median 0.0032 ms  P95 0.0042 ms
  s.vsm.localraster55.prepare.groups.p1 median 0.0022 ms  P95 0.0032 ms
  s.vsm.localraster55.prepare.nodes.p1.0 median 0.0029 ms  P95 0.0032 ms
  s.vsm.localraster55.prepare.nodes.p1.1 median 0.0022 ms  P95 0.0032 ms
  s.vsm.localraster55.prepare.nodes.p1.2 median 0.0022 ms  P95 0.0032 ms
  s.vsm.localraster55.prepare.nodes.p1.3 median 0.0022 ms  P95 0.0032 ms
  s.vsm.localraster55.raster       median 0.0026 ms  P95 0.0186 ms
  s.vsm.localraster55.reset        median 0.0032 ms  P95 0.0042 ms
  s.vsm.localraster55.stats        median 0.0000 ms  P95 0.0000 ms
  s.vsm.localraster55.tilemask     median 0.0042 ms  P95 0.0051 ms
  s.vsm.localraster56.chunks.p1    median 0.0042 ms  P95 0.0081 ms
  s.vsm.localraster56.clusters.p1  median 0.0029 ms  P95 0.0154 ms
  s.vsm.localraster56.instances.chunks.p1 median 0.0029 ms  P95 0.0183 ms
  s.vsm.localraster56.instances.p1 median 0.0042 ms  P95 0.0061 ms
  s.vsm.localraster56.nodes.p1.0   median 0.0029 ms  P95 0.0073 ms
  s.vsm.localraster56.nodes.p1.1   median 0.0029 ms  P95 0.0073 ms
  s.vsm.localraster56.nodes.p1.2   median 0.0026 ms  P95 0.0073 ms
  s.vsm.localraster56.nodes.p1.3   median 0.0029 ms  P95 0.0073 ms
  s.vsm.localraster56.prepare.chunks.p1 median 0.0022 ms  P95 0.0032 ms
  s.vsm.localraster56.prepare.draw.p1 median 0.0032 ms  P95 0.0042 ms
  s.vsm.localraster56.prepare.groups.p1 median 0.0022 ms  P95 0.0032 ms
  s.vsm.localraster56.prepare.nodes.p1.0 median 0.0029 ms  P95 0.0032 ms
  s.vsm.localraster56.prepare.nodes.p1.1 median 0.0029 ms  P95 0.0032 ms
  s.vsm.localraster56.prepare.nodes.p1.2 median 0.0022 ms  P95 0.0032 ms
  s.vsm.localraster56.prepare.nodes.p1.3 median 0.0022 ms  P95 0.0032 ms
  s.vsm.localraster56.raster       median 0.0032 ms  P95 0.0244 ms
  s.vsm.localraster56.reset        median 0.0032 ms  P95 0.0042 ms
  s.vsm.localraster56.stats        median 0.0000 ms  P95 0.0000 ms
  s.vsm.localraster56.tilemask     median 0.0042 ms  P95 0.0051 ms
  s.vsm.localraster57.chunks.p1    median 0.0051 ms  P95 0.0081 ms
  s.vsm.localraster57.clusters.p1  median 0.0032 ms  P95 0.0151 ms
  s.vsm.localraster57.instances.chunks.p1 median 0.0032 ms  P95 0.0183 ms
  s.vsm.localraster57.instances.p1 median 0.0042 ms  P95 0.0063 ms
  s.vsm.localraster57.nodes.p1.0   median 0.0032 ms  P95 0.0073 ms
  s.vsm.localraster57.nodes.p1.1   median 0.0032 ms  P95 0.0073 ms
  s.vsm.localraster57.nodes.p1.2   median 0.0032 ms  P95 0.0073 ms
  s.vsm.localraster57.nodes.p1.3   median 0.0032 ms  P95 0.0073 ms
  s.vsm.localraster57.prepare.chunks.p1 median 0.0022 ms  P95 0.0032 ms
  s.vsm.localraster57.prepare.draw.p1 median 0.0032 ms  P95 0.0042 ms
  s.vsm.localraster57.prepare.groups.p1 median 0.0029 ms  P95 0.0032 ms
  s.vsm.localraster57.prepare.nodes.p1.0 median 0.0022 ms  P95 0.0032 ms
  s.vsm.localraster57.prepare.nodes.p1.1 median 0.0029 ms  P95 0.0032 ms
  s.vsm.localraster57.prepare.nodes.p1.2 median 0.0022 ms  P95 0.0032 ms
  s.vsm.localraster57.prepare.nodes.p1.3 median 0.0022 ms  P95 0.0032 ms
  s.vsm.localraster57.raster       median 0.0093 ms  P95 0.0256 ms
  s.vsm.localraster57.reset        median 0.0032 ms  P95 0.0042 ms
  s.vsm.localraster57.stats        median 0.0000 ms  P95 0.0000 ms
  s.vsm.localraster57.tilemask     median 0.0042 ms  P95 0.0051 ms
  s.vsm.localraster58.chunks.p1    median 0.0071 ms  P95 0.0083 ms
  s.vsm.localraster58.clusters.p1  median 0.0093 ms  P95 0.0173 ms
  s.vsm.localraster58.instances.chunks.p1 median 0.0164 ms  P95 0.0193 ms
  s.vsm.localraster58.instances.p1 median 0.0051 ms  P95 0.0071 ms
  s.vsm.localraster58.nodes.p1.0   median 0.0071 ms  P95 0.0081 ms
  s.vsm.localraster58.nodes.p1.1   median 0.0063 ms  P95 0.0083 ms
  s.vsm.localraster58.nodes.p1.2   median 0.0061 ms  P95 0.0073 ms
  s.vsm.localraster58.nodes.p1.3   median 0.0061 ms  P95 0.0073 ms
  s.vsm.localraster58.prepare.chunks.p1 median 0.0022 ms  P95 0.0032 ms
  s.vsm.localraster58.prepare.draw.p1 median 0.0032 ms  P95 0.0042 ms
  s.vsm.localraster58.prepare.groups.p1 median 0.0022 ms  P95 0.0032 ms
  s.vsm.localraster58.prepare.nodes.p1.0 median 0.0022 ms  P95 0.0032 ms
  s.vsm.localraster58.prepare.nodes.p1.1 median 0.0029 ms  P95 0.0032 ms
  s.vsm.localraster58.prepare.nodes.p1.2 median 0.0022 ms  P95 0.0032 ms
  s.vsm.localraster58.prepare.nodes.p1.3 median 0.0029 ms  P95 0.0032 ms
  s.vsm.localraster58.raster       median 0.0103 ms  P95 0.0308 ms
  s.vsm.localraster58.reset        median 0.0032 ms  P95 0.0042 ms
  s.vsm.localraster58.stats        median 0.0000 ms  P95 0.0000 ms
  s.vsm.localraster58.tilemask     median 0.0042 ms  P95 0.0051 ms
  s.vsm.localraster59.chunks.p1    median 0.0071 ms  P95 0.0083 ms
  s.vsm.localraster59.clusters.p1  median 0.0093 ms  P95 0.0144 ms
  s.vsm.localraster59.instances.chunks.p1 median 0.0164 ms  P95 0.0186 ms
  s.vsm.localraster59.instances.p1 median 0.0051 ms  P95 0.0071 ms
  s.vsm.localraster59.nodes.p1.0   median 0.0071 ms  P95 0.0081 ms
  s.vsm.localraster59.nodes.p1.1   median 0.0071 ms  P95 0.0081 ms
  s.vsm.localraster59.nodes.p1.2   median 0.0063 ms  P95 0.0073 ms
  s.vsm.localraster59.nodes.p1.3   median 0.0061 ms  P95 0.0073 ms
  s.vsm.localraster59.prepare.chunks.p1 median 0.0022 ms  P95 0.0032 ms
  s.vsm.localraster59.prepare.draw.p1 median 0.0032 ms  P95 0.0042 ms
  s.vsm.localraster59.prepare.groups.p1 median 0.0022 ms  P95 0.0032 ms
  s.vsm.localraster59.prepare.nodes.p1.0 median 0.0029 ms  P95 0.0032 ms
  s.vsm.localraster59.prepare.nodes.p1.1 median 0.0022 ms  P95 0.0032 ms
  s.vsm.localraster59.prepare.nodes.p1.2 median 0.0022 ms  P95 0.0032 ms
  s.vsm.localraster59.prepare.nodes.p1.3 median 0.0022 ms  P95 0.0032 ms
  s.vsm.localraster59.raster       median 0.0125 ms  P95 0.0225 ms
  s.vsm.localraster59.reset        median 0.0032 ms  P95 0.0042 ms
  s.vsm.localraster59.stats        median 0.0000 ms  P95 0.0000 ms
  s.vsm.localraster59.tilemask     median 0.0042 ms  P95 0.0051 ms
  s.vsm.localraster6.chunks.p1     median 0.0061 ms  P95 0.0093 ms
  s.vsm.localraster6.clusters.p1   median 0.0032 ms  P95 0.0132 ms
  s.vsm.localraster6.instances.chunks.p1 median 0.0032 ms  P95 0.0193 ms
  s.vsm.localraster6.instances.p1  median 0.0042 ms  P95 0.0071 ms
  s.vsm.localraster6.nodes.p1.0    median 0.0032 ms  P95 0.0083 ms
  s.vsm.localraster6.nodes.p1.1    median 0.0032 ms  P95 0.0073 ms
  s.vsm.localraster6.nodes.p1.2    median 0.0061 ms  P95 0.0073 ms
  s.vsm.localraster6.nodes.p1.3    median 0.0046 ms  P95 0.0073 ms
  s.vsm.localraster6.prepare.chunks.p1 median 0.0022 ms  P95 0.0032 ms
  s.vsm.localraster6.prepare.draw.p1 median 0.0032 ms  P95 0.0042 ms
  s.vsm.localraster6.prepare.groups.p1 median 0.0022 ms  P95 0.0032 ms
  s.vsm.localraster6.prepare.nodes.p1.0 median 0.0029 ms  P95 0.0032 ms
  s.vsm.localraster6.prepare.nodes.p1.1 median 0.0029 ms  P95 0.0032 ms
  s.vsm.localraster6.prepare.nodes.p1.2 median 0.0022 ms  P95 0.0032 ms
  s.vsm.localraster6.prepare.nodes.p1.3 median 0.0022 ms  P95 0.0032 ms
  s.vsm.localraster6.raster        median 0.0032 ms  P95 0.0195 ms
  s.vsm.localraster6.reset         median 0.0032 ms  P95 0.0042 ms
  s.vsm.localraster6.stats         median 0.0000 ms  P95 0.0000 ms
  s.vsm.localraster6.tilemask      median 0.0042 ms  P95 0.0051 ms
  s.vsm.localraster60.chunks.p1    median 0.0042 ms  P95 0.0083 ms
  s.vsm.localraster60.clusters.p1  median 0.0029 ms  P95 0.0112 ms
  s.vsm.localraster60.instances.chunks.p1 median 0.0022 ms  P95 0.0176 ms
  s.vsm.localraster60.instances.p1 median 0.0042 ms  P95 0.0061 ms
  s.vsm.localraster60.nodes.p1.0   median 0.0022 ms  P95 0.0073 ms
  s.vsm.localraster60.nodes.p1.1   median 0.0029 ms  P95 0.0073 ms
  s.vsm.localraster60.nodes.p1.2   median 0.0022 ms  P95 0.0073 ms
  s.vsm.localraster60.nodes.p1.3   median 0.0029 ms  P95 0.0073 ms
  s.vsm.localraster60.prepare.chunks.p1 median 0.0022 ms  P95 0.0032 ms
  s.vsm.localraster60.prepare.draw.p1 median 0.0032 ms  P95 0.0042 ms
  s.vsm.localraster60.prepare.groups.p1 median 0.0022 ms  P95 0.0032 ms
  s.vsm.localraster60.prepare.nodes.p1.0 median 0.0029 ms  P95 0.0032 ms
  s.vsm.localraster60.prepare.nodes.p1.1 median 0.0029 ms  P95 0.0032 ms
  s.vsm.localraster60.prepare.nodes.p1.2 median 0.0022 ms  P95 0.0032 ms
  s.vsm.localraster60.prepare.nodes.p1.3 median 0.0022 ms  P95 0.0032 ms
  s.vsm.localraster60.raster       median 0.0029 ms  P95 0.0215 ms
  s.vsm.localraster60.reset        median 0.0032 ms  P95 0.0042 ms
  s.vsm.localraster60.stats        median 0.0000 ms  P95 0.0000 ms
  s.vsm.localraster60.tilemask     median 0.0042 ms  P95 0.0051 ms
  s.vsm.localraster61.chunks.p1    median 0.0042 ms  P95 0.0073 ms
  s.vsm.localraster61.clusters.p1  median 0.0022 ms  P95 0.0103 ms
  s.vsm.localraster61.instances.chunks.p1 median 0.0022 ms  P95 0.0173 ms
  s.vsm.localraster61.instances.p1 median 0.0042 ms  P95 0.0061 ms
  s.vsm.localraster61.nodes.p1.0   median 0.0022 ms  P95 0.0073 ms
  s.vsm.localraster61.nodes.p1.1   median 0.0022 ms  P95 0.0071 ms
  s.vsm.localraster61.nodes.p1.2   median 0.0022 ms  P95 0.0073 ms
  s.vsm.localraster61.nodes.p1.3   median 0.0022 ms  P95 0.0071 ms
  s.vsm.localraster61.prepare.chunks.p1 median 0.0022 ms  P95 0.0032 ms
  s.vsm.localraster61.prepare.draw.p1 median 0.0032 ms  P95 0.0042 ms
  s.vsm.localraster61.prepare.groups.p1 median 0.0022 ms  P95 0.0032 ms
  s.vsm.localraster61.prepare.nodes.p1.0 median 0.0029 ms  P95 0.0032 ms
  s.vsm.localraster61.prepare.nodes.p1.1 median 0.0029 ms  P95 0.0032 ms
  s.vsm.localraster61.prepare.nodes.p1.2 median 0.0022 ms  P95 0.0032 ms
  s.vsm.localraster61.prepare.nodes.p1.3 median 0.0022 ms  P95 0.0032 ms
  s.vsm.localraster61.raster       median 0.0022 ms  P95 0.0122 ms
  s.vsm.localraster61.reset        median 0.0032 ms  P95 0.0042 ms
  s.vsm.localraster61.stats        median 0.0000 ms  P95 0.0000 ms
  s.vsm.localraster61.tilemask     median 0.0042 ms  P95 0.0051 ms
  s.vsm.localraster7.chunks.p1     median 0.0051 ms  P95 0.0093 ms
  s.vsm.localraster7.clusters.p1   median 0.0029 ms  P95 0.0112 ms
  s.vsm.localraster7.instances.chunks.p1 median 0.0029 ms  P95 0.0176 ms
  s.vsm.localraster7.instances.p1  median 0.0042 ms  P95 0.0063 ms
  s.vsm.localraster7.nodes.p1.0    median 0.0029 ms  P95 0.0083 ms
  s.vsm.localraster7.nodes.p1.1    median 0.0031 ms  P95 0.0081 ms
  s.vsm.localraster7.nodes.p1.2    median 0.0029 ms  P95 0.0073 ms
  s.vsm.localraster7.nodes.p1.3    median 0.0031 ms  P95 0.0073 ms
  s.vsm.localraster7.prepare.chunks.p1 median 0.0022 ms  P95 0.0032 ms
  s.vsm.localraster7.prepare.draw.p1 median 0.0032 ms  P95 0.0042 ms
  s.vsm.localraster7.prepare.groups.p1 median 0.0022 ms  P95 0.0032 ms
  s.vsm.localraster7.prepare.nodes.p1.0 median 0.0029 ms  P95 0.0032 ms
  s.vsm.localraster7.prepare.nodes.p1.1 median 0.0029 ms  P95 0.0032 ms
  s.vsm.localraster7.prepare.nodes.p1.2 median 0.0022 ms  P95 0.0032 ms
  s.vsm.localraster7.prepare.nodes.p1.3 median 0.0022 ms  P95 0.0032 ms
  s.vsm.localraster7.raster        median 0.0032 ms  P95 0.0205 ms
  s.vsm.localraster7.reset         median 0.0032 ms  P95 0.0042 ms
  s.vsm.localraster7.stats         median 0.0000 ms  P95 0.0000 ms
  s.vsm.localraster7.tilemask      median 0.0042 ms  P95 0.0051 ms
  s.vsm.localraster8.chunks.p1     median 0.0073 ms  P95 0.0093 ms
  s.vsm.localraster8.clusters.p1   median 0.0090 ms  P95 0.0132 ms
  s.vsm.localraster8.instances.chunks.p1 median 0.0154 ms  P95 0.0195 ms
  s.vsm.localraster8.instances.p1  median 0.0051 ms  P95 0.0071 ms
  s.vsm.localraster8.nodes.p1.0    median 0.0071 ms  P95 0.0081 ms
  s.vsm.localraster8.nodes.p1.1    median 0.0071 ms  P95 0.0081 ms
  s.vsm.localraster8.nodes.p1.2    median 0.0061 ms  P95 0.0081 ms
  s.vsm.localraster8.nodes.p1.3    median 0.0061 ms  P95 0.0073 ms
  s.vsm.localraster8.prepare.chunks.p1 median 0.0022 ms  P95 0.0032 ms
  s.vsm.localraster8.prepare.draw.p1 median 0.0032 ms  P95 0.0042 ms
  s.vsm.localraster8.prepare.groups.p1 median 0.0022 ms  P95 0.0032 ms
  s.vsm.localraster8.prepare.nodes.p1.0 median 0.0029 ms  P95 0.0032 ms
  s.vsm.localraster8.prepare.nodes.p1.1 median 0.0029 ms  P95 0.0032 ms
  s.vsm.localraster8.prepare.nodes.p1.2 median 0.0022 ms  P95 0.0032 ms
  s.vsm.localraster8.prepare.nodes.p1.3 median 0.0022 ms  P95 0.0032 ms
  s.vsm.localraster8.raster        median 0.0090 ms  P95 0.0205 ms
  s.vsm.localraster8.reset         median 0.0032 ms  P95 0.0042 ms
  s.vsm.localraster8.stats         median 0.0000 ms  P95 0.0000 ms
  s.vsm.localraster8.tilemask      median 0.0042 ms  P95 0.0051 ms
  s.vsm.localraster9.chunks.p1     median 0.0081 ms  P95 0.0093 ms
  s.vsm.localraster9.clusters.p1   median 0.0103 ms  P95 0.0173 ms
  s.vsm.localraster9.instances.chunks.p1 median 0.0164 ms  P95 0.0195 ms
  s.vsm.localraster9.instances.p1  median 0.0051 ms  P95 0.0063 ms
  s.vsm.localraster9.nodes.p1.0    median 0.0071 ms  P95 0.0090 ms
  s.vsm.localraster9.nodes.p1.1    median 0.0071 ms  P95 0.0083 ms
  s.vsm.localraster9.nodes.p1.2    median 0.0061 ms  P95 0.0081 ms
  s.vsm.localraster9.nodes.p1.3    median 0.0061 ms  P95 0.0081 ms
  s.vsm.localraster9.prepare.chunks.p1 median 0.0022 ms  P95 0.0032 ms
  s.vsm.localraster9.prepare.draw.p1 median 0.0032 ms  P95 0.0042 ms
  s.vsm.localraster9.prepare.groups.p1 median 0.0022 ms  P95 0.0032 ms
  s.vsm.localraster9.prepare.nodes.p1.0 median 0.0022 ms  P95 0.0032 ms
  s.vsm.localraster9.prepare.nodes.p1.1 median 0.0029 ms  P95 0.0032 ms
  s.vsm.localraster9.prepare.nodes.p1.2 median 0.0022 ms  P95 0.0032 ms
  s.vsm.localraster9.prepare.nodes.p1.3 median 0.0022 ms  P95 0.0032 ms
  s.vsm.localraster9.raster        median 0.0112 ms  P95 0.0298 ms
  s.vsm.localraster9.reset         median 0.0032 ms  P95 0.0042 ms
  s.vsm.localraster9.stats         median 0.0000 ms  P95 0.0000 ms
  s.vsm.localraster9.tilemask      median 0.0042 ms  P95 0.0051 ms
  s.vsm.mark                       median 0.0132 ms  P95 0.0144 ms
  s.vsm.markair                    median 0.0112 ms  P95 0.0122 ms
  s.vsm.markfragments              median 0.0115 ms  P95 0.0154 ms
  s.vsm.pagemax                    median 0.0173 ms  P95 0.0317 ms
  s.vsm.propagate                  median 0.0032 ms  P95 0.0042 ms
  s.vsm.raster.chunks.p1           median 0.0122 ms  P95 0.0134 ms
  s.vsm.raster.clusters.p1         median 0.0330 ms  P95 0.0696 ms
  s.vsm.raster.instances.chunks.p1 median 0.0286 ms  P95 0.0339 ms
  s.vsm.raster.instances.p1        median 0.0090 ms  P95 0.0093 ms
  s.vsm.raster.nodes.p1.0          median 0.0112 ms  P95 0.0125 ms
  s.vsm.raster.nodes.p1.1          median 0.0103 ms  P95 0.0132 ms
  s.vsm.raster.nodes.p1.2          median 0.0103 ms  P95 0.0125 ms
  s.vsm.raster.nodes.p1.3          median 0.0103 ms  P95 0.0125 ms
  s.vsm.raster.prepare.chunks.p1   median 0.0029 ms  P95 0.0032 ms
  s.vsm.raster.prepare.draw.p1     median 0.0032 ms  P95 0.0042 ms
  s.vsm.raster.prepare.groups.p1   median 0.0022 ms  P95 0.0032 ms
  s.vsm.raster.prepare.nodes.p1.0  median 0.0029 ms  P95 0.0032 ms
  s.vsm.raster.prepare.nodes.p1.1  median 0.0029 ms  P95 0.0032 ms
  s.vsm.raster.prepare.nodes.p1.2  median 0.0022 ms  P95 0.0032 ms
  s.vsm.raster.prepare.nodes.p1.3  median 0.0022 ms  P95 0.0032 ms
  s.vsm.raster.raster              median 0.0640 ms  P95 0.2468 ms
  s.vsm.raster.reset               median 0.0042 ms  P95 0.0042 ms
  s.vsm.raster.stats               median 0.0000 ms  P95 0.0000 ms
  s.vsm.raster.tilemask            median 0.0042 ms  P95 0.0051 ms
  s.vsm.raster1.chunks.p1          median 0.0051 ms  P95 0.0103 ms
  s.vsm.raster1.clusters.p1        median 0.0022 ms  P95 0.0103 ms
  s.vsm.raster1.instances.chunks.p1 median 0.0022 ms  P95 0.0195 ms
  s.vsm.raster1.instances.p1       median 0.0042 ms  P95 0.0073 ms
  s.vsm.raster1.nodes.p1.0         median 0.0022 ms  P95 0.0071 ms
  s.vsm.raster1.nodes.p1.1         median 0.0022 ms  P95 0.0032 ms
  s.vsm.raster1.nodes.p1.2         median 0.0022 ms  P95 0.0032 ms
  s.vsm.raster1.nodes.p1.3         median 0.0022 ms  P95 0.0032 ms
  s.vsm.raster1.prepare.chunks.p1  median 0.0022 ms  P95 0.0032 ms
  s.vsm.raster1.prepare.draw.p1    median 0.0032 ms  P95 0.0042 ms
  s.vsm.raster1.prepare.groups.p1  median 0.0022 ms  P95 0.0032 ms
  s.vsm.raster1.prepare.nodes.p1.0 median 0.0029 ms  P95 0.0032 ms
  s.vsm.raster1.prepare.nodes.p1.1 median 0.0029 ms  P95 0.0032 ms
  s.vsm.raster1.prepare.nodes.p1.2 median 0.0022 ms  P95 0.0032 ms
  s.vsm.raster1.prepare.nodes.p1.3 median 0.0022 ms  P95 0.0032 ms
  s.vsm.raster1.raster             median 0.0022 ms  P95 0.0090 ms
  s.vsm.raster1.reset              median 0.0032 ms  P95 0.0042 ms
  s.vsm.raster1.stats              median 0.0000 ms  P95 0.0000 ms
  s.vsm.raster1.tilemask           median 0.0042 ms  P95 0.0051 ms
  s.vsm.scan.assign                median 0.1147 ms  P95 0.1157 ms
  s.vsm.scan.count                 median 0.0083 ms  P95 0.0093 ms
  s.vsm.scan.prefix                median 0.0042 ms  P95 0.0051 ms
  s.vsm.searchdilate               median 0.0122 ms  P95 0.0125 ms
  s.vsm.searchgrid                 median 0.0103 ms  P95 0.0125 ms
  s.vsm.stats                      median 0.0000 ms  P95 0.0012 ms
1920x1080: S passes 291.2576 ms (page raster 0.2654 ms) of GPU frame 17.6194 ms | pages requested mean 5293 max 6410, dirty mean 116.5, T_sun mean 0.24 M, pool exhausted 0
  froxels: 40989 light entries (0.18 per froxel), 0 lists cut by the capacity, 0 entries lost, max 14 per froxel; needed 60900 of capacity 2097152 (scene bound 955363) ok
  requested sun pages by level (last frame): L0:9 L1:54 L2:110 L3:108 L4:84 L5:74 L6:49 L7:33 L8:24 L9:18 L10:15 L11:13 L12:15 L13:14 L14:9 L15:12 L16:12 L17:14 L18:9 L19:7
  shadow overflow: lights past the third max 6299022, words needed max 1973622, tiles over capacity 0 ok
  S error bits (INTERFACES 3.6, shader loop caps) 0x0 ok
  coverage fragments: 37153 pixels with records, 21313 pair (57.4 %)
  coverage layer: 63806 records in 1443 tiles (1443 blocks, 0 heavy tiles), 3398 special, pool 983040
  visibility paths (% of 0.92 M pixels): no caster 0.0, reach lit 4.2, reach umbra 54.1, search lit 6.6, disk lit 0.0, disk umbra 17.3, filtered 17.7
